x,gender,childs,predecessors,preds,objects,subjects,HasSpouse
Adalbert_I_of_Ivrea,male,0,0,2,2,1,0
Adalbert_of_Italy,male,0,0,2,2,3,0
Adela_of_Champagne,female,2,0,7,7,2,1
Adela_of_France,female,0,0,3,3,4,1
Adela_of_Milan,female,0,0,3,3,2,1
Adela_of_Normandy,female,0,0,3,3,2,1
"Adelaide,_Countess_of_Burgundy",female,0,0,4,4,2,1
Adelaide-Blanche_of_Anjou,female,0,0,6,5,2,1
Adelaide_of_Aquitaine,female,3,0,7,8,2,1
Adelaide_of_Auxerre_(born_c._870),female,0,0,7,6,2,1
"Adelaide_of_Burgundy,_Duchess_of_Brabant",female,0,0,7,6,3,1
Adelaide_of_Burgundy_(born_c._896),female,0,0,2,2,1,0
Adelaide_of_Holland,female,0,0,3,3,2,1
Adelaide_of_Italy,female,0,1,6,5,4,1
Adelaide_of_Leuven,female,0,0,3,3,2,1
Adelaide_of_Maurienne,female,7,0,8,14,5,1
Adelaide_of_Paris,female,1,0,6,7,2,1
Adelaide_of_Tours,female,5,0,7,11,4,1
Adelais_of_Amboise,female,0,0,2,2,1,0
Adele_of_Vermandois,female,0,0,3,3,2,1
"Adolf,_Duke_of_Holstein-Gottorp",male,0,0,3,3,2,1
"Adolph_I,_Duke_of_Cleves",male,0,0,3,3,2,1
"Adolphus_Frederick_I,_Duke_of_Mecklenburg-Schwerin",male,0,0,7,6,3,1
"Adolphus_Frederick_II,_Duke_of_Mecklenburg-Strelitz",male,3,1,8,8,3,0
"Afonso_I,_Duke_of_Braganza",male,0,0,3,3,3,1
Afonso_III_of_Portugal,male,7,1,10,16,5,1
Afonso_II_of_Portugal,male,4,1,10,10,4,1
Afonso_IV_of_Portugal,male,3,1,10,10,3,1
Afonso_I_of_Portugal,male,0,2,9,7,4,1
Afonso_V_of_Portugal,male,0,1,8,6,3,0
Agatha_(wife_of_Edward_the_Exile),female,3,0,5,7,5,1
"Agnes_de_Baudemont,_Countess_of_Braine",female,0,0,2,2,1,0
"Agnes_of_Burgundy,_Duchess_of_Aquitaine",female,0,0,3,3,2,1
"Agnes_of_Burgundy,_Duchess_of_Bourbon",female,6,1,10,14,7,1
"Agnes_of_France,_Duchess_of_Burgundy",female,6,0,8,12,6,1
Agnes_of_Loon,female,0,0,3,3,2,1
Agnes_of_Merania,female,2,0,7,7,1,1
Agnes_of_Rochlitz,female,0,0,6,5,2,1
Agnes_of_the_Palatinate,female,0,0,3,3,2,1
Alan_Stewart_of_Darnley,male,0,0,5,4,1,0
"Albert_Azzo_I,_Margrave_of_Milan",male,0,0,6,5,2,1
"Albert_Azzo_II,_Margrave_of_Milan",male,0,0,7,6,2,1
"Albert_Frederick,_Duke_of_Prussia",male,0,0,3,3,2,1
"Albert_I,_Duke_of_Bavaria",male,0,0,3,3,3,1
"Albert_II,_Duke_of_Austria",male,4,2,10,12,6,1
"Albert_III,_Count_of_Habsburg",male,0,0,5,4,1,0
Albert_II_of_Germany,male,0,0,4,4,3,1
"Albert_IV,_Count_of_Habsburg",male,0,0,5,4,1,0
Albert_I_of_Germany,male,10,1,10,18,6,1
"Albert_V,_Duke_of_Bavaria",male,0,0,3,3,2,1
"Alexander_Stewart,_4th_High_Steward_of_Scotland",male,0,1,5,5,2,0
Alexander_Stewart_of_Darnley_(died_1404),male,0,0,2,2,1,0
Alexandre_de_Beauharnais,male,0,0,3,3,3,1
Alfonsina_Orsini,female,0,0,3,3,2,1
"Alfonso_II,_Count_of_Provence",male,1,1,10,8,4,1
Alfonso_II_of_Aragon,male,5,2,10,11,5,1
Alfonso_VIII_of_Castile,male,6,1,10,12,4,1
Alfonso_XI_of_Castile,male,5,1,10,13,6,1
Alfonso_X_of_Castile,male,10,1,10,16,3,1
Alfred_the_Great,male,5,1,9,11,4,1
"Alice_Holland,_Countess_of_Kent",female,0,0,7,6,3,1
Alice_of_Namur,female,0,0,3,3,2,1
Alice_of_Normandy,female,0,0,3,3,2,1
Alice_of_Vergy,female,0,0,3,3,2,1
"Alix,_Duchess_of_Brittany",female,0,0,4,4,2,1
Almodis_de_la_Marche,female,0,0,3,3,2,1
Alpaida,female,2,0,5,6,2,1
"Alys_of_France,_Countess_of_Vexin",female,1,0,8,7,4,1
"Amadeus_II,_Count_of_Savoy",male,0,0,3,3,1,0
"Amadeus_VIII,_Duke_of_Savoy",male,0,0,5,6,1,0
Amaury_I_de_Montfort,male,0,1,7,5,2,0
Amicie_de_Courtenay,female,0,0,6,5,2,1
Anabella_Drummond,female,0,0,3,3,2,1
Andrew_II_of_Hungary,male,0,0,3,3,2,1
Anna_Eleonore_of_Hesse-Darmstadt,female,0,0,3,3,2,1
Anna_Maria_of_Mecklenburg-Schwerin,female,6,0,8,12,2,1
Anna_Maria_of_Ostfriesland,female,0,0,7,6,2,1
Anna_Sophia_of_Prussia,female,0,0,2,2,1,0
"Anna_of_Austria,_Queen_of_Spain",female,0,0,3,3,4,1
Anna_of_Holstein-Gottorp,female,0,0,7,6,2,1
Anna_of_Nassau-Dillenburg,female,0,0,3,3,3,1
Anne_Gonzaga,female,3,0,8,9,2,1
Anne_of_Austria,female,0,1,7,6,5,1
Anne_of_Bohemia_and_Hungary,female,10,0,7,15,6,1
Anne_of_Brittany,female,3,1,10,11,6,1
Anne_of_Cyprus,female,8,0,7,13,6,1
Anne_of_Foix-Candale,female,2,0,7,7,2,1
Anne_of_Kiev,female,2,0,7,8,5,1
Ansegisel,male,0,0,2,2,1,0
Ansgarde_of_Burgundy,female,0,0,3,3,3,1
"Antoine,_Duke_of_Lorraine",male,3,1,10,10,4,1
"Antoine,_Duke_of_Montpensier",male,4,1,10,12,5,1
Antoine_of_Navarre,male,2,1,10,9,4,1
Antoinette_of_Bourbon,female,6,0,7,11,2,1
Archduchess_Anna_of_Austria,female,5,1,10,13,6,1
Archduchess_Maria_Clementina_of_Austria,female,1,0,8,7,4,1
"Arnulf,_Count_of_Holland",male,1,1,9,6,3,1
"Arnulf_I,_Count_of_Flanders",male,0,0,7,6,2,1
"Arnulf_II,_Count_of_Flanders",male,0,0,7,6,2,1
"Arthur_II,_Duke_of_Brittany",male,2,1,10,9,6,1
Auguste_of_Baden-Baden,female,0,0,3,3,3,1
"Augustus,_Duke_of_Saxe-Weissenfels",male,0,0,3,3,2,1
Augustus_III_of_Poland,male,0,0,3,3,3,1
Averardo_de'_Medici,male,0,0,3,3,1,0
"Baldwin_I,_Margrave_of_Flanders",male,0,0,2,2,1,0
"Baldwin_II,_Count_of_Hainaut",male,0,0,7,6,2,1
"Baldwin_II,_Margrave_of_Flanders",male,0,0,7,8,2,1
"Baldwin_III,_Count_of_Flanders",male,0,0,7,6,2,1
"Baldwin_III,_Count_of_Hainaut",male,0,0,6,5,1,0
"Baldwin_IV,_Count_of_Flanders",male,0,0,7,7,4,1
"Baldwin_IV,_Count_of_Hainaut",male,0,0,6,5,2,1
"Baldwin_V,_Count_of_Flanders",male,3,0,8,9,2,1
"Baldwin_V,_Count_of_Hainaut",male,0,0,7,6,3,1
"Baldwin_VI,_Count_of_Flanders",male,0,0,7,6,3,1
Barbara_Jagiellon,female,4,0,8,10,3,1
Barbara_of_Cilli,female,1,0,7,6,2,1
Bartholomew_de_L'Isle_Bouchard,male,0,0,2,2,1,0
Beatrice_Regina_della_Scala,female,0,0,6,6,2,1
Beatrice_of_Avesnes,female,0,0,3,3,2,1
Beatrice_of_Brandenburg,female,0,0,6,5,2,1
"Beatrice_of_Burgundy,_Lady_of_Bourbon",female,0,0,3,3,2,1
Beatrice_of_England,female,5,0,8,11,6,1
"Beatrice_of_Portugal,_Duchess_of_Savoy",female,0,0,3,3,3,1
Beatrice_of_Portugal_(died_1381),female,2,0,8,8,3,1
Beatrice_of_Savoy,female,4,0,8,10,3,1
Beatrice_of_Silesia,female,3,0,7,8,3,1
Beatrice_of_Vermandois,female,0,0,3,3,2,1
Beatriz_Pereira_de_Alvim,female,0,0,7,6,2,1
"Beatriz_of_Portugal,_Duchess_of_Viseu",female,3,0,8,9,2,1
Begga,female,0,0,2,2,1,0
Benedicta_Henrietta_of_the_Palatinate,female,2,0,8,8,3,1
Berengar_II_of_Italy,male,4,1,10,12,4,1
Berengaria_of_Barcelona,female,0,0,6,5,4,1
Berengaria_of_Castile,female,0,0,4,4,5,1
"Berenguer_Ramon_I,_Count_of_Barcelona",male,0,0,8,8,2,1
"Bernard_II,_Duke_of_Saxony",male,0,0,2,2,1,0
"Bertha,_Duchess_of_Lorraine",female,0,0,3,3,2,1
"Bertha,_daughter_of_Lothair_II",female,0,0,2,2,1,0
Bertha_of_Burgundy,female,0,0,7,7,5,1
Bertha_of_Holland,female,2,0,7,7,3,1
Bertha_of_Swabia,female,0,0,3,3,2,1
"Berthold,_Duke_of_Merania",male,0,0,6,6,2,1
"Berthold_II,_Count_of_Andechs",male,0,0,5,5,2,1
Berthold_I_of_Istria,male,0,0,5,4,1,0
Bertrada_of_Laon,female,0,0,6,5,2,1
Bertrade_of_Montfort,female,2,0,7,8,3,1
Bianca_Maria_Visconti,female,0,0,3,3,2,1
Bivin_of_Gorze,male,0,0,2,2,1,0
"Blanca_of_Navarre,_Queen_of_Castile",female,0,0,3,3,2,1
Blanche_of_Artois,female,3,0,8,10,3,1
Blanche_of_Brittany,female,0,0,7,6,4,1
Blanche_of_Burgundy,female,0,0,7,6,1,1
Blanche_of_Castile,female,5,0,8,11,4,1
Blanche_of_Lancaster,female,0,0,3,3,2,1
"Blanche_of_Navarre,_Countess_of_Champagne",female,0,0,3,3,2,1
"Blanche_of_Navarre,_Duchess_of_Brittany",female,0,0,3,3,3,1
"Blanche_of_Navarre,_Queen_of_France",female,1,0,8,7,3,1
Bolko_I_the_Strict,male,0,0,3,3,2,1
Bona_of_Savoy,female,4,0,7,9,3,1
Bonne_of_Luxembourg,female,7,0,7,12,7,1
"Borrell_II,_Count_of_Barcelona",male,0,0,5,4,1,0
"Boso,_Margrave_of_Tuscany",male,0,0,3,3,2,1
Boso_II_of_Italy,male,0,0,2,2,1,0
Boso_the_Elder,male,2,0,6,6,0,0
Bouchard_IV_of_Avesnes,male,0,0,6,5,2,1
"Brun_I,_Count_of_Brunswick",male,0,0,2,2,1,0
"Burkhard_V,_Count_of_Hohenberg",male,0,0,2,2,1,0
Carlo_Buonaparte,male,0,0,6,6,4,1
Carloman_II,male,0,2,7,6,3,0
Caroline_of_Ansbach,female,0,0,3,3,2,1
Casimir_IV_Jagiellon,male,0,0,3,3,3,1
Catalina_Micaela_of_Spain,female,0,0,3,3,3,1
Caterina_Sforza,female,0,0,3,3,2,1
Catherine_de'_Medici,female,8,0,7,13,6,1
"Catherine_of_Foix,_Countess_of_Candale",female,0,0,7,6,3,1
Catherine_of_Mayenne,female,0,0,3,3,1,0
Catherine_of_Valois,female,3,0,7,9,4,1
Charibert_of_Laon,male,0,0,2,2,1,0
Charlemagne,male,4,2,10,12,5,1
"Charles,_Count_of_Valois",male,9,0,9,18,9,1
"Charles,_Prince_of_Anhalt-Zerbst",male,0,0,3,3,2,1
"Charles_Emmanuel_I,_Duke_of_Savoy",male,6,1,10,12,3,1
"Charles_Emmanuel_II,_Duke_of_Savoy",male,1,1,10,10,5,1
Charles_Emmanuel_III_of_Sardinia,male,9,1,10,17,6,1
"Charles_Ferdinand,_Duke_of_Berry",male,2,0,8,8,4,1
"Charles_I,_Duke_of_Bourbon",male,0,0,3,3,3,1
"Charles_II,_Archduke_of_Austria",male,0,1,4,4,4,1
"Charles_II,_Duke_of_Lorraine",male,0,0,4,4,3,1
"Charles_III,_Duke_of_Lorraine",male,7,1,10,14,4,1
"Charles_III,_Duke_of_Savoy",male,1,1,10,8,4,1
Charles_III_of_Spain,male,0,3,9,11,8,1
Charles_II_of_Naples,male,0,0,4,4,2,1
Charles_IV_of_France,male,1,1,10,14,9,1
Charles_IV_of_Spain,male,0,1,4,4,4,1
Charles_IX_of_France,male,2,1,10,10,5,1
"Charles_I_Gonzaga,_Duke_of_Mantua",male,0,0,2,2,1,0
Charles_I_of_England,male,0,0,3,3,2,1
Charles_Martel,male,8,3,10,16,7,1
Charles_Martel_of_Anjou,male,0,0,3,3,3,1
"Charles_V,_Duke_of_Lorraine",male,0,0,7,6,3,1
"Charles_V,_Holy_Roman_Emperor",male,0,3,9,9,7,1
"Charles_VI,_Holy_Roman_Emperor",male,0,2,5,6,5,1
Charles_VIII_of_France,male,1,1,10,8,4,1
Charles_VII_of_France,male,9,2,10,16,4,1
Charles_VI_of_France,male,8,1,10,15,6,1
Charles_V_of_France,male,4,1,10,10,5,1
Charles_X,male,4,1,9,14,10,1
Charles_the_Bald,male,6,1,9,13,6,1
Charles_the_Bold,male,1,1,10,7,3,1
Charles_the_Fat,male,1,4,9,13,10,1
Charles_the_Simple,male,2,1,9,10,7,1
"Charlotte_of_Bourbon,_Queen_of_Cyprus",female,2,0,8,8,2,1
Charlotte_of_Mecklenburg-Strelitz,female,15,0,7,20,3,1
Charlotte_of_Savoy,female,3,0,8,9,4,1
Christina_of_Denmark,female,0,0,3,3,2,1
Christina_of_Salm,female,0,0,3,3,2,1
Christine_of_France,female,0,0,3,3,4,1
Christine_of_Hesse,female,0,0,7,6,3,1
Christine_of_Saxony,female,9,0,8,15,3,1
Clarice_Orsini,female,0,0,3,3,2,1
"Claude,_Duke_of_Guise",male,0,0,3,3,3,1
Claude_of_France,female,6,1,10,12,5,1
Claudine_de_Brosse,female,0,0,3,3,2,1
Clemence_of_Austria,female,3,0,7,8,4,1
Clementia_of_Hungary,female,1,0,8,7,3,1
"Conrad_II,_Duke_of_Transjurane_Burgundy",male,0,0,2,2,3,0
Conrad_I_of_Burgundy,male,4,1,10,10,4,1
Constance_of_Arles,female,4,0,8,10,4,1
Constance_of_Castile,female,2,0,8,8,3,1
Constance_of_Portugal,female,0,0,3,3,3,1
Contessina_de'_Bardi,female,0,0,3,3,2,1
"Cosimo_I_de'_Medici,_Grand_Duke_of_Tuscany",male,10,1,10,18,4,1
Cosimo_de'_Medici,male,0,0,8,7,2,1
Countess_Amalia_Katharina_of_Waldeck,female,0,0,2,2,1,0
Countess_Palatine_Dorothea_Sophie_of_Neuburg,female,1,0,8,8,4,1
Countess_Sophia_Albertine_of_Erbach-Erbach,female,0,0,7,6,2,1
Cymburgis_of_Masovia,female,0,0,3,3,2,1
Dangereuse_de_l'Isle_Bouchard,female,0,0,6,6,2,1
"Dedi_III,_Margrave_of_Lusatia",male,0,0,2,2,1,0
Denis_of_Portugal,male,2,1,10,8,3,1
"Dirk_I,_Count_of_Holland",male,1,1,7,5,2,0
"Dirk_II,_Count_of_Holland",male,2,1,8,6,2,0
"Dirk_III,_Count_of_Holland",male,2,1,9,7,3,0
"Douce_I,_Countess_of_Provence",female,0,0,3,3,3,1
Duchess_Helene_of_Mecklenburg-Schwerin,female,2,0,8,9,4,1
Duke_Charles_Louis_Frederick_of_Mecklenburg,male,6,0,7,11,3,1
Dulce_of_Aragon,female,0,0,3,3,2,1
Eadgifu_of_Wessex,female,1,0,8,8,5,1
Eadhild,female,0,0,3,3,3,1
Ealhmund_of_Kent,male,0,0,2,2,1,0
Ealhswith,female,0,0,3,3,2,1
"Ebalus,_Duke_of_Aquitaine",male,0,0,5,4,1,0
"Ecgberht,_King_of_Wessex",male,1,2,8,7,3,0
"Eckhard_I,_Count_of_Scheyern",male,0,0,5,4,1,0
"Edmund_Tudor,_1st_Earl_of_Richmond",male,0,0,4,4,3,1
"Edward,_Count_Palatine_of_Simmern",male,0,0,3,3,2,1
"Edward,_King_of_Portugal",male,5,1,10,11,5,1
Edward_III_of_England,male,0,1,9,7,5,1
Edward_II_of_England,male,5,2,10,11,4,1
Edward_IV_of_England,male,0,1,5,4,3,1
Edward_I_of_England,male,10,1,10,17,5,1
Edward_the_Elder,male,10,1,9,16,4,1
Edward_the_Exile,male,0,0,3,3,2,1
Eilika_of_Schweinfurt,female,0,0,2,2,1,0
Eleanor_of_Alburquerque,female,6,0,8,12,4,1
Eleanor_of_Aquitaine,female,10,1,10,17,5,1
"Eleanor_of_Aragon,_Queen_of_Castile",female,0,0,3,3,2,1
"Eleanor_of_Aragon,_Queen_of_Portugal",female,5,0,8,11,6,1
Eleanor_of_Austria,female,1,0,8,8,4,1
Eleanor_of_Castile,female,8,1,9,13,4,1
"Eleanor_of_England,_Queen_of_Castile",female,5,0,8,11,4,1
Eleanor_of_Lancaster,female,7,0,7,13,4,1
Eleanor_of_Navarre,female,6,1,7,12,4,1
"Eleanor_of_Portugal,_Holy_Roman_Empress",female,0,0,7,6,4,1
Eleanor_of_Provence,female,5,0,7,10,5,1
Eleanor_of_Toledo,female,0,0,3,3,2,1
Eleanor_of_Viseu,female,1,0,5,6,3,1
"Eleonore_of_Austria,_Queen_of_Poland",female,0,0,3,3,2,1
"Elias_I,_Count_of_Maine",male,0,0,2,2,1,0
Elisabeth_Farnese,female,6,0,8,13,5,1
"Elisabeth_of_Austria,_Duchess_of_Lorraine",female,0,0,3,3,3,1
"Elisabeth_of_Austria,_Queen_of_France",female,1,0,8,7,3,1
"Elisabeth_of_Carinthia,_Queen_of_the_Romans",female,0,0,3,3,2,1
Elisabeth_of_Meissen,female,5,0,8,11,2,1
Elisabeth_of_Nuremberg,female,4,0,8,10,3,1
"Elisabeth_of_Sicily,_Duchess_of_Bavaria",female,0,0,3,3,2,1
Elisabeth_of_Swabia,female,0,0,3,3,2,1
"Elizabeth_Charlotte,_Madame_Palatine",female,0,0,3,3,3,1
"Elizabeth_Gordon,_Countess_of_Huntly",female,5,0,5,9,1,1
Elizabeth_Mure,female,0,0,3,3,2,1
Elizabeth_Woodville,female,8,0,7,13,3,1
Elizabeth_of_Luxembourg,female,3,0,8,9,3,1
Elizabeth_of_Portugal,female,0,0,3,3,2,1
Elizabeth_of_York,female,6,0,7,11,3,1
Elizabeth_the_Cuman,female,6,0,6,12,2,1
Emma_of_Blois,female,0,0,3,3,2,1
Emma_of_Italy,female,1,0,8,7,3,1
"Emmanuel_Philibert,_Duke_of_Savoy",male,1,1,10,7,3,1
Empress_Matilda,female,3,0,7,9,4,1
"Engelbert,_Duke_of_Carinthia",male,0,0,2,2,1,0
"Enno_III,_Count_of_East_Frisia",male,0,0,3,3,2,1
"Ercole_III_d'Este,_Duke_of_Modena",male,0,0,4,4,4,1
"Ermengarde,_Countess_of_Maine",female,0,0,6,5,3,1
"Ermengarde_of_Anjou,_Duchess_of_Burgundy",female,0,0,6,7,3,1
Ermengarde_of_Auvergne,female,0,0,2,2,1,0
Ermengarde_of_Hesbaye,female,3,0,6,7,2,1
Ermentrude_de_Roucy,female,0,0,3,3,2,1
Ermesinde_of_Carcassonne,female,0,0,3,3,2,1
"Ernest,_Duke_of_Austria",male,0,0,8,7,2,1
"Ernest_Augustus,_Elector_of_Hanover",male,4,1,10,11,3,1
"Ernest_Frederick_I,_Duke_of_Saxe-Hildburghausen",male,0,0,3,3,2,1
Estrid_of_the_Obotrites,female,2,0,6,8,2,1
"Ferdinand,_Duke_of_Viseu",male,5,0,8,11,4,1
"Ferdinand_I,_Holy_Roman_Emperor",male,13,2,10,21,11,1
Ferdinand_III_of_Castile,male,8,2,10,15,6,1
Ferdinand_II_of_Aragon,male,6,3,10,14,6,1
Ferdinand_IV_of_Castile,male,2,1,10,8,3,1
Ferdinand_I_of_Aragon,male,6,1,10,13,6,1
Ferdinand_I_of_the_Two_Sicilies,male,15,1,10,22,7,1
"Ferdinand_Karl,_Archduke_of_Austria-Este",male,7,0,8,13,5,1
Ferdinand_VII_of_Spain,male,0,0,3,3,2,1
"Floris_I,_Count_of_Holland",male,2,1,9,8,5,1
"Francesco_III_d'Este,_Duke_of_Modena",male,0,0,3,3,3,1
Francesco_I_Sforza,male,0,1,8,9,4,1
"Francesco_I_de'_Medici,_Grand_Duke_of_Tuscany",male,5,1,10,13,5,1
"Francis,_Duke_of_Anjou",male,0,0,6,5,2,0
"Francis_I,_Duke_of_Lorraine",male,3,1,10,9,3,1
"Francis_I,_Holy_Roman_Emperor",male,16,4,10,24,9,1
"Francis_II,_Duke_of_Brittany",male,1,1,10,9,5,1
"Francis_II,_Duke_of_Lorraine",male,4,0,8,10,3,1
"Francis_II,_Holy_Roman_Emperor",male,8,1,10,14,5,1
Francis_II_of_France,male,0,1,9,7,4,1
"Francis_IV,_Duke_of_Modena",male,3,1,10,10,6,1
Francis_I_of_France,male,5,1,10,13,5,1
Francis_I_of_the_Two_Sicilies,male,0,1,4,5,7,1
Francis_of_Baux,male,0,0,2,2,1,0
"Frederick,_Prince_of_Wales",male,9,0,8,15,3,1
"Frederick_I,_Duke_of_Lorraine",male,1,1,10,8,4,1
"Frederick_II,_Duke_of_Lorraine",male,2,1,9,7,3,0
"Frederick_II,_Duke_of_Saxe-Gotha-Altenburg",male,0,0,3,3,2,1
"Frederick_II,_Margrave_of_Meissen",male,0,0,3,3,2,1
"Frederick_III,_Duke_of_Lorraine",male,1,1,9,6,3,1
"Frederick_III,_Holy_Roman_Emperor",male,0,4,9,10,6,1
"Frederick_IV,_Duke_of_Lorraine",male,1,0,7,6,3,1
"Frederick_Louis,_Hereditary_Grand_Duke_of_Mecklenburg-Schwerin",male,0,0,3,3,2,1
"Frederick_V,_Burgrave_of_Nuremberg",male,0,0,3,3,2,1
Frederuna,female,1,0,5,5,1,1
"Fulk,_King_of_Jerusalem",male,6,2,10,14,7,1
"Fulk_I,_Count_of_Anjou",male,0,0,5,5,1,0
"Fulk_II,_Count_of_Anjou",male,0,0,5,4,1,0
"Fulk_III,_Count_of_Anjou",male,0,0,2,2,1,0
"Fulk_IV,_Count_of_Anjou",male,3,1,10,10,3,1
Gabriel_de_Rochechouart_de_Mortemart,male,0,0,2,2,1,0
Galeazzo_Maria_Sforza,male,0,1,9,8,4,1
"Garsenda,_Countess_of_Forcalquier",female,0,0,4,4,2,1
"Gaston_IV,_Count_of_Foix",male,0,0,3,3,3,1
"Gaston_de_Foix,_Count_of_Candale",male,0,0,3,3,2,1
"Geoffrey_Plantagenet,_Count_of_Anjou",male,5,2,10,12,4,1
"George,_Duke_of_Brunswick-Calenberg",male,0,0,7,6,3,1
"George,_Duke_of_Saxony",male,0,0,3,3,2,1
"George_Gordon,_4th_Earl_of_Huntly",male,5,0,6,11,1,1
"George_II,_Landgrave_of_Hesse-Darmstadt",male,0,0,3,3,2,1
George_III,male,15,1,9,21,5,1
George_II_of_Great_Britain,male,8,1,10,15,4,1
George_I_of_Great_Britain,male,2,2,10,9,4,1
"George_Louis_I,_Count_of_Erbach-Erbach",male,0,0,2,2,1,0
"Gerard,_Duke_of_Lorraine",male,1,1,8,6,2,0
Gerard_de_Bouzonville,male,0,0,2,2,1,0
Gerberga_of_Lower_Lorraine,female,0,0,3,3,2,1
Gerberga_of_Saxony,female,3,0,8,10,5,1
Gerloc,female,0,0,7,6,3,1
Gerold_of_Vinzgau,male,0,0,2,2,1,0
Gertrude_of_Hohenberg,female,7,0,8,13,4,1
Gertrude_of_Saxony,female,0,0,7,7,3,1
Giovanni_delle_Bande_Nere,male,0,0,7,6,2,1
Giovanni_di_Bicci_de'_Medici,male,0,0,6,5,3,1
Giovanni_il_Popolano,male,0,0,6,5,2,1
"Gisela_of_Burgundy,_Marchioness_of_Montferrat",female,0,0,6,6,3,1
Gisela_of_Friuli,female,0,0,2,2,1,0
Gisela_of_Swabia,female,0,0,2,2,1,0
Giuseppe_Maria_Buonaparte,male,1,0,4,4,1,0
"Godfrey_I,_Count_of_Louvain",male,0,0,6,7,3,1
"Godfrey_II,_Count_of_Louvain",male,0,0,5,4,1,0
"Godfrey_III,_Count_of_Louvain",male,0,0,5,4,1,0
Guilla_of_Provence,female,0,0,3,3,3,1
Guillaume_de_Montfort_of_Hainaut,male,0,0,4,4,1,0
"Guy,_Count_of_Flanders",male,0,0,3,3,3,1
"Guy_IV,_Count_of_Saint-Pol",male,0,0,3,3,2,1
Hedwig_of_Babenberg,female,0,0,3,3,2,1
Hedwig_of_Bavaria,female,0,0,6,5,3,1
Hedwig_of_Formbach,female,0,0,3,3,2,1
Hedwig_of_Saxony,female,4,0,8,10,3,1
Heilika_of_Lengenfeld,female,0,0,3,3,2,1
Helena_of_Denmark,female,0,0,3,3,4,1
Helie_of_Semur,female,0,0,3,3,2,1
Hemma,female,4,1,10,12,4,1
"Henri,_Count_of_Chambord",male,0,2,9,11,8,1
Henrietta_Maria,female,7,0,7,12,4,1
Henrietta_of_England,female,3,0,7,9,4,1
"Henry,_3rd_Earl_of_Lancaster",male,0,0,3,3,3,1
"Henry,_Count_of_Portugal",male,1,1,9,7,3,1
"Henry,_son_of_Robert_I_of_Burgundy",male,0,0,6,5,3,0
"Henry_I,_Count_of_Berg",male,0,0,2,2,1,0
"Henry_I,_Count_of_Champagne",male,0,0,7,6,2,1
"Henry_I,_Duke_of_Brabant",male,0,0,6,6,3,1
"Henry_II,_Count_of_Louvain",male,0,0,5,4,1,0
"Henry_II,_Duke_of_Brabant",male,0,0,7,7,4,1
"Henry_III,_Duke_of_Brabant",male,0,0,7,6,2,1
Henry_III_of_England,male,5,2,10,12,5,1
Henry_III_of_France,male,0,2,9,9,6,1
Henry_II_of_Castile,male,2,1,10,9,4,1
Henry_II_of_England,male,10,2,10,17,7,1
Henry_II_of_France,male,8,1,10,14,8,1
Henry_II_of_Navarre,male,0,0,4,5,4,1
Henry_IV_of_England,male,0,2,9,9,5,1
Henry_IV_of_France,male,8,2,10,16,8,1
"Henry_IX,_Duke_of_Bavaria",male,0,0,7,6,2,1
Henry_I_of_England,male,0,0,3,3,2,1
Henry_I_of_France,male,2,2,10,11,7,1
Henry_I_of_Navarre,male,1,1,10,8,4,1
"Henry_V,_Count_of_Luxembourg",male,0,0,4,4,1,0
"Henry_VI,_Count_of_Luxembourg",male,2,1,10,8,3,1
"Henry_VII,_Holy_Roman_Emperor",male,3,4,10,13,8,1
Henry_VII_of_England,male,6,1,10,13,4,1
Henry_VI_of_England,male,1,3,10,10,6,1
Henry_V_of_England,male,1,1,10,7,3,1
"Henry_X,_Duke_of_Bavaria",male,0,0,7,7,2,1
Henry_the_Fowler,male,7,2,9,13,6,1
Henry_the_Lion,male,5,2,9,16,7,1
"Herbert_II,_Count_of_Vermandois",male,0,0,2,2,1,0
Hermann_Billung,male,0,0,2,2,1,0
"Hermann_II,_Count_of_Celje",male,0,0,2,2,1,0
Hildegard_of_the_Vinzgau,female,0,0,6,5,2,1
Hildegarde_of_Burgundy,female,0,0,3,3,3,1
Holy_Roman_Emperor,male,0,0,2,2,0,0
Hortense_de_Beauharnais,female,4,0,8,10,3,1
"Hugh,_Count_of_Burgundy",male,0,0,6,5,2,1
Hugh_Capet,male,3,1,9,9,4,1
"Hugh_II,_Duke_of_Burgundy",male,2,1,9,7,2,0
"Hugh_III,_Duke_of_Burgundy",male,3,1,9,9,4,1
"Hugh_IV,_Duke_of_Burgundy",male,5,1,10,12,5,1
Hugh_Magnus,male,0,0,7,6,3,0
Hugh_of_Italy,male,1,1,9,7,2,0
Hugh_of_Tours,male,0,0,3,3,1,0
Hugh_the_Great,male,0,0,7,7,4,1
"Humbert_II,_Count_of_Savoy",male,0,1,9,7,4,1
"Humphrey_de_Bohun,_7th_Earl_of_Hereford",male,0,0,3,3,2,1
"Ida,_Countess_of_Hainaut",female,0,0,3,3,2,1
Igor_of_Kiev,male,1,1,9,7,4,1
"Infanta_Luisa_Fernanda,_Duchess_of_Montpensier",female,4,0,8,10,3,1
"Ingeborg_of_Denmark,_Queen_of_France",female,0,0,7,6,3,1
Ingeborg_of_Kiev,female,0,0,2,2,1,0
Ingegerd_Olofsdotter_of_Sweden,female,9,0,8,16,4,1
"Ingerman,_Count_of_Hesbaye",male,0,0,2,2,1,0
Isabeau_of_Bavaria,female,0,0,6,5,3,1
Isabel_of_Barcelos,female,0,0,7,6,3,1
Isabel_of_Coimbra,female,0,0,2,2,1,0
"Isabella,_Duchess_of_Lorraine",female,4,1,10,11,6,1
Isabella_I_of_Castile,female,5,1,10,12,4,1
Isabella_de_Beauchamp,female,0,0,7,6,2,1
"Isabella_of_Aragon,_Queen_of_France",female,3,0,8,9,5,1
Isabella_of_Bourbon,female,1,0,8,7,2,1
Isabella_of_France,female,4,0,7,9,3,1
Isabella_of_Hainault,female,1,0,7,6,2,1
Isabella_of_Portugal,female,3,0,7,8,4,1
"Isabella_of_Portugal,_Duchess_of_Burgundy",female,0,0,3,3,3,1
"Isabella_of_Portugal,_Queen_of_Castile",female,0,0,7,6,2,1
"Isabella_of_Valois,_Duchess_of_Bourbon",female,5,0,8,11,3,1
Isabelle_de_Beauvau,female,0,0,3,3,3,1
Isambart,male,0,0,2,2,1,0
Jacquetta_of_Luxembourg,female,10,0,8,17,3,1
"James_Hepburn,_4th_Earl_of_Bothwell",male,0,0,6,6,2,1
"James_I,_Count_of_La_Marche",male,3,0,7,8,2,0
James_III_of_Scotland,male,3,1,10,9,3,1
James_II_of_Scotland,male,6,1,10,12,3,1
James_IV_of_Scotland,male,1,1,10,7,3,1
James_I_of_Aragon,male,5,1,10,13,6,1
James_I_of_Scotland,male,8,1,10,14,4,1
"James_Stewart,_5th_High_Steward_of_Scotland",male,0,1,6,4,2,0
Henry_(son_of_Edward_I),,0,0,1,1,2,0
Adalard_of_Paris,,0,0,1,1,1,0
"Adalbert,_Duke_of_Lorraine",,0,0,2,2,1,0
Adam_Albert_von_Neipperg,,0,0,2,2,1,1
Adam_FitzRoy,,0,0,1,1,1,0
Adam_Gordon_of_Auchindoun,,0,0,1,1,2,0
Adele_of_Valois,,0,0,2,2,1,1
"Adolf,_King_of_the_Romans",,0,1,3,3,2,0
"Adolph_of_Cleves,_Lord_of_Ravenstein",,0,0,1,1,1,0
"Adolphus_Frederick_III,_Duke_of_Mecklenburg-Strelitz",,0,1,2,2,1,0
"Adolphus_Frederick_IV,_Duke_of_Mecklenburg-Strelitz",,0,0,1,1,2,0
Aelis,,0,0,2,2,1,1
"Afonso,_Prince_of_Portugal",,0,0,1,1,2,0
"Afonso_of_Portugal,_Lord_of_Portalegre",,0,0,1,1,1,0
Agatha_of_Lorraine,,0,0,1,1,1,0
Agnes_de_Baudemont,,0,0,2,2,1,0
Agnes_of_Beaujeu,,0,0,2,2,1,1
Agnes_of_Cleves,,0,0,1,1,1,0
"Agnes_of_France,_Byzantine_Empress",,0,0,1,1,2,0
Agnes_of_Hesse,,0,0,1,1,1,0
Agnes_of_Navarre,,0,0,1,1,1,0
Agnes_of_Poland,,0,0,1,1,1,0
"Albert_Casimir,_Duke_of_Teschen",,0,0,1,1,1,0
"Albert_II,_Duke_of_Bavaria",,0,0,1,1,1,0
"Albert_II,_Duke_of_Saxony",,0,0,1,1,1,0
"Albert_III,_Duke_of_Austria",,0,0,1,1,1,0
"Albert_VII,_Archduke_of_Austria",,0,0,1,1,2,0
Albert_the_Bear,,0,0,2,2,1,0
Albrecht_of_Saxe-Weissenfels,,0,0,1,1,1,0
Alderano_I_Cybo-Malaspina,,0,0,2,2,1,0
"Alessandro_de'_Medici,_Duke_of_Florence",,0,0,2,2,1,0
Alexander_I_of_Scotland,,0,0,1,1,1,0
Alexander_Jagiellon,,0,0,1,1,1,0
Alexander_Sigismund_von_der_Pfalz-Neuburg,,0,0,1,1,1,0
"Alexander_Stewart,_Duke_of_Albany",,0,0,1,1,1,0
"Alexander_Stewart,_Duke_of_Rothesay",,0,0,1,1,1,0
"Alexander_Stewart,_Earl_of_Buchan",,0,0,1,1,1,0
Alfonso_V_of_Aragon,,0,2,3,4,4,0
Alfonso_de_Castilla_y_Molina,,0,0,1,1,1,0
Alfonso_of_Molina,,0,0,1,1,1,0
"Alix_of_Brittany,_Dame_de_Pontarcy",,0,0,1,1,1,0
Alix_of_France,,0,0,1,1,2,0
"Alphonse,_Count_of_Poitiers",,0,0,1,1,2,0
"Alphonso,_Earl_of_Chester",,0,0,1,1,2,0
"Amadeus_III,_Count_of_Savoy",,0,1,2,2,1,0
"Amadeus_IX,_Duke_of_Savoy",,0,1,2,2,2,0
"Amadeus_VII,_Count_of_Savoy",,0,0,1,1,1,0
Amalric_of_Jerusalem,,0,0,1,1,1,0
Amaury_II_de_Montfort,,0,1,2,2,1,0
Anastasia_of_Kiev,,0,0,1,1,2,0
"Andrew,_Duke_of_Slavonia",,0,0,1,1,1,0
Anna_Canalis_di_Cumiana,,0,0,2,2,1,1
"Anna_Jagiellon,_Duchess_of_Pomerania",,0,0,1,1,1,0
Anna_Porphyrogenita,,0,0,2,2,2,1
Anna_Sforza,,0,0,1,1,1,0
"Anna_Sophia_II,_Abbess_of_Quedlinburg",,0,0,1,1,1,0
Anna_de'_Medici,,0,0,1,1,2,0
Anna_of_Glogau,,0,0,2,2,1,1
Anna_of_Hesse,,0,0,1,1,1,0
Anna_of_Hungary_(Byzantine_empress),,0,0,1,1,1,0
Anna_of_Lorraine,,0,0,1,1,1,0
Anna_von_Campe,,0,0,2,2,2,1
Annabella_of_Scotland,,0,0,1,1,1,0
"Anne,_Princess_Royal_and_Princess_of_Orange",,0,0,1,1,1,0
"Anne,_Queen_of_Great_Britain",,0,0,2,2,1,0
"Anne_Christine_of_Sulzbach,_Princess_of_Piedmont",,0,0,2,2,1,1
Anne_Henriette_of_Bavaria,,0,0,1,1,1,0
Anne_Stuart_(born_1637),,0,0,1,1,1,0
Anne_Woodville,,0,0,1,1,1,0
"Anne_of_Austria,_Landgravine_of_Thuringia",,0,0,1,1,1,0
"Anne_of_Austria,_Margravine_of_Brandenburg",,0,0,1,1,1,0
"Anne_of_Austria,_Queen_of_Poland",,0,0,1,1,1,0
"Anne_of_Bohemia,_Duchess_of_Austria",,0,0,1,1,2,0
Anne_of_Burgundy,,0,0,1,1,2,0
Anne_of_France,,0,0,1,1,2,0
Anne_of_York_(daughter_of_Edward_IV),,0,0,1,1,1,0
"Anthony_Woodville,_2nd_Earl_Rivers",,0,0,1,1,1,0
"Antoine_Philippe,_Duke_of_Montpensier",,0,0,2,2,3,0
Antonia_of_Lorraine,,0,0,1,1,1,0
Antonia_of_Savoy,,0,0,1,1,1,0
"Antonio_Farnese,_Duke_of_Parma",,0,0,2,2,1,0
Antonio_de'_Medici,,0,0,1,1,1,0
Anund_Jacob,,0,0,1,1,1,0
Archbishop_of_Canterbury,,0,0,1,1,1,0
Archbishop_of_Cologne,,0,0,1,1,1,0
Archduchess_Barbara_of_Austria,,0,0,1,1,2,0
Archduchess_Catherine_Renata_of_Austria,,0,0,1,1,1,0
Archduchess_Clementina_of_Austria,,0,0,1,1,2,0
Archduchess_Eleanor_of_Austria,,0,0,1,1,2,0
Archduchess_Gregoria_Maximiliana_of_Austria,,0,0,1,1,1,0
Archduchess_Magdalena_of_Austria,,0,0,1,1,1,0
Archduchess_Margaret_of_Austria_(nun),,0,0,1,1,1,0
Archduchess_Maria_Anna_of_Austria_(born_1738),,0,0,1,1,2,0
Archduchess_Maria_Anna_of_Austria_(born_1770),,0,0,1,1,2,0
Archduchess_Maria_Anna_of_Austria_(governor),,0,0,1,1,1,0
Archduchess_Maria_Carolina_of_Austria_(born_1740),,0,0,1,1,2,0
Archduchess_Maria_Carolina_of_Austria_(stillborn_1748),,0,0,1,1,2,0
Archduchess_Maria_Dorothea_of_Austria,,0,1,2,2,1,0
Archduchess_Maria_Elisabeth_of_Austria_(born_1737),,0,0,1,1,2,0
Archduchess_Maria_Elisabeth_of_Austria_(born_1743),,0,0,1,1,2,0
Archduchess_Maria_Johanna_Gabriela_of_Austria,,0,0,1,1,2,0
Archduchess_Maria_Josepha_of_Austria,,0,0,1,1,2,0
Archduchess_Maria_Leopoldine_of_Austria-Este,,0,0,1,1,2,0
Archduchess_Maria_Maddalena_of_Austria,,0,0,1,1,1,0
Archduchess_Marie_Anne_of_Austria,,0,0,1,1,2,0
Archduchess_Marie_Caroline_of_Austria,,0,0,1,1,2,0
Archduke_Alexander_Leopold_of_Austria,,0,0,1,1,2,0
Archduke_Anton_Victor_of_Austria,,0,0,1,1,2,0
"Archduke_Charles,_Duke_of_Teschen",,0,0,1,1,2,0
Archduke_Charles_Joseph_of_Austria_(born_1745),,0,0,1,1,2,0
Archduke_Ernest_of_Austria,,0,0,1,1,2,0
Archduke_Ferdinand_Karl_Joseph_of_Austria-Este,,0,0,1,1,1,0
Archduke_Ferdinand_Karl_Viktor_of_Austria-Este,,0,0,1,1,2,0
Archduke_Franz_Karl_of_Austria,,0,0,1,1,2,0
Archduke_John_of_Austria,,0,0,1,1,2,0
Archduke_Joseph_Franz_of_Austria,,0,0,1,1,2,0
Archduke_Joseph_of_Austria_(Palatine_of_Hungary),,0,0,1,1,2,0
Archduke_Karl_Ambrosius_of_Austria-Este,,0,0,1,1,2,0
Archduke_Louis_of_Austria,,0,0,1,1,2,0
Archduke_Maximilian_Ernest_of_Austria,,0,0,1,1,1,0
Archduke_Maximilian_Francis_of_Austria,,0,0,1,1,2,0
Archduke_Maximilian_of_Austria-Este,,0,0,1,1,2,0
Archduke_Rainer_Joseph_of_Austria,,0,0,1,1,2,0
Archduke_Rudolf_of_Austria,,0,0,1,1,2,0
Archduke_Wenceslaus_of_Austria,,0,0,1,1,2,0
Arnulf_(archbishop_of_Reims),,0,0,1,1,1,0
Arnulf_of_Carinthia,,0,1,2,2,1,0
"Arthur,_Prince_of_Wales",,0,0,1,1,2,0
"Arthur_III,_Duke_of_Brittany",,0,0,2,2,2,0
Auda_of_France,,0,0,1,1,1,0
Baldred_of_Kent,,0,0,2,2,1,0
"Baldwin_II,_Latin_Emperor",,0,0,1,1,1,0
Baldwin_III_of_Jerusalem,,0,0,1,1,1,0
Baldwin_II_of_Jerusalem,,0,0,2,2,1,0
Baldwin_of_Luxembourg,,0,0,1,1,1,0
"Balthasar_Charles,_Prince_of_Asturias",,0,0,1,1,2,0
Barbara_of_Hesse,,0,0,1,1,1,0
"Beatrice,_Countess_of_Arundel",,0,0,1,1,1,0
Beatrice_of_Albon,,0,0,2,2,1,1
Beatrice_of_Bavaria,,0,0,1,1,1,0
"Beatrice_of_Bourbon,_Queen_of_Bohemia",,0,0,2,2,2,1
"Beatrice_of_Castile,_Marchioness_of_Montferrat",,0,0,1,1,1,0
"Beatrice_of_Hungary,_Dauphine_of_Viennois",,0,0,1,1,1,0
Beatrice_of_Luxembourg,,0,0,1,1,2,0
"Beatrice_of_Navarre,_Duchess_of_Burgundy",,0,0,2,2,2,1
Beatrice_of_Nuremberg,,0,0,1,1,1,0
Beatrice_of_Portugal,,0,0,2,2,1,1
Beatrice_of_Provence,,0,1,2,2,2,0
"Beatrice_of_Savoy,_Lady_of_Villena",,0,0,1,1,1,0
Beorhtric_of_Wessex,,0,0,2,2,1,0
Berchar,,0,0,2,2,1,0
Berengar_II_of_Neustria,,0,0,1,1,1,0
Berengar_I_of_Italy,,0,1,3,3,2,0
"Berengaria_of_Castile,_Lady_of_Guadalajara",,0,0,1,1,1,0
Berengaria_of_Portugal,,0,0,1,1,1,0
"Berenguer_Ramon_II,_Count_of_Barcelona",,0,0,2,2,1,0
"Bernard,_son_of_Charles_Martel",,0,0,1,1,1,0
Bernard_(son_of_Charles_the_Fat),,0,0,1,1,1,0
Bernard_of_Gothia,,0,0,2,2,1,0
Bernard_of_Italy,,0,1,2,2,1,0
"Bernhard,_Count_of_Anhalt",,0,1,2,2,1,0
Bianca_Cappello,,0,0,2,2,1,1
Bianca_Maria_Sforza,,0,0,2,2,2,1
Blanche_II_of_Navarre,,0,0,1,1,1,0
Blanche_I_of_Navarre,,0,0,3,2,2,1
Blanche_of_Anjou,,0,0,1,1,1,0
Blanche_of_Bourbon,,0,0,1,1,1,0
"Blanche_of_Burgundy,_Countess_of_Savoy",,0,0,1,1,2,0
"Blanche_of_France,_Duchess_of_Austria",,0,0,1,1,2,0
"Blanche_of_France,_Infanta_of_Castile",,0,0,1,1,2,0
Blanche_of_France_(nun),,0,0,1,1,2,0
Blanche_of_Valois,,0,0,1,1,1,0
Bonne_of_Armagnac,,0,0,2,2,2,1
Bonne_of_Artois,,0,0,2,2,1,1
Bonne_of_Berry,,0,0,1,1,1,0
Bonne_of_Bourbon,,0,0,1,1,1,0
Boris_and_Gleb,,0,0,1,1,1,0
Bruno_the_Great,,0,0,1,1,1,0
Camilla_Martelli,,0,0,2,2,1,1
Canute_Lavard,,0,0,1,1,1,0
Canute_VI_of_Denmark,,0,1,2,2,2,0
Canute_V_of_Denmark,,0,0,1,1,1,0
Cardinal-Infante_Afonso_of_Portugal,,0,0,1,1,1,0
Cardinal-Infante_Ferdinand_of_Austria,,0,0,1,1,2,0
"Carlo,_Duke_of_Calabria",,0,0,1,1,2,0
"Carloman,_son_of_Charles_the_Bald",,0,0,1,1,2,0
Carloman_(mayor_of_the_palace),,0,1,3,3,2,0
Carloman_I,,0,0,1,1,1,0
Carloman_of_Bavaria,,0,1,3,3,3,0
"Carlos,_Prince_of_Asturias",,0,0,1,1,1,0
Caroline_Bonaparte,,0,0,1,1,1,0
Caroline_Matilda_of_Great_Britain,,0,0,1,1,2,0
Casimir_II_the_Just,,0,0,1,1,1,0
Catherine_Henriette_de_Bourbon,,0,0,1,1,1,0
"Catherine_I,_Latin_Empress",,0,0,2,2,1,1
"Catherine_Woodville,_Duchess_of_Buckingham",,0,0,1,1,1,0
Catherine_de_Bourbon,,0,0,1,1,2,0
Catherine_of_Anhalt-Bernburg,,0,0,2,2,2,1
Catherine_of_Aragon,,0,0,1,1,2,0
"Catherine_of_Austria,_Duchess_of_Calabria",,0,0,1,1,1,0
"Catherine_of_Austria,_Queen_of_Poland",,0,0,1,1,2,0
"Catherine_of_Austria,_Queen_of_Portugal",,0,0,1,1,2,0
"Catherine_of_France,_Countess_of_Charolais",,0,0,1,1,2,0
"Catherine_of_France,_Countess_of_Montpensier",,0,0,1,1,2,0
"Catherine_of_Hungary,_Queen_of_Serbia",,0,0,1,1,1,0
Catherine_of_Lancaster,,0,0,1,1,1,0
"Catherine_of_Lorraine,_Margravine_of_Baden-Baden",,0,0,1,1,1,0
Catherine_of_Portugal_(nun),,0,0,1,1,2,0
Catherine_of_York,,0,0,1,1,1,0
Cecile_of_France,,0,0,1,1,2,0
Cecily_of_York,,0,0,1,1,1,0
"Charles,_Cardinal_of_Lorraine",,0,0,1,1,1,0
"Charles,_Count_of_Maine",,0,0,1,1,2,0
"Charles,_Duke_of_Lower_Lorraine",,0,0,1,1,2,0
"Charles,_Prince_of_Taranto",,0,0,1,1,1,0
"Charles,_Prince_of_Viana",,0,0,1,1,1,0
"Charles_Brandon,_1st_Duke_of_Suffolk",,0,0,2,2,1,1
Charles_Emmanuel_IV_of_Sardinia,,0,1,2,2,2,0
Charles_Felix_of_Sardinia,,0,0,1,1,2,0
"Charles_Ferdinand,_Prince_of_Capua",,0,0,1,1,1,0
"Charles_Frederick,_Grand_Duke_of_Saxe-Weimar-Eisenach",,0,0,1,1,1,0
"Charles_II,_Duke_of_Bourbon",,0,0,1,1,1,0
"Charles_II,_Duke_of_Savoy",,0,0,2,2,1,0
"Charles_II,_Grand_Duke_of_Mecklenburg-Strelitz",,0,0,1,1,2,0
"Charles_III_Philip,_Elector_Palatine",,0,0,1,1,1,0
Charles_II_of_England,,0,0,1,1,1,0
Charles_II_of_Navarre,,0,1,2,2,2,0
Charles_II_of_Spain,,0,1,3,3,2,0
"Charles_IV,_Duke_of_Lorraine",,0,0,1,1,1,0
"Charles_IV,_Holy_Roman_Emperor",,0,2,2,3,3,0
Charles_IV_of_Anjou,,0,1,2,2,1,0
Charles_I_of_Anjou,,0,0,1,1,2,0
Charles_I_of_Hungary,,0,0,1,1,1,0
"Charles_Orlando,_Dauphin_of_France",,0,0,1,1,2,0
"Charles_VII,_Holy_Roman_Emperor",,0,1,3,3,2,0
Charles_de_Bourbon_(cardinal),,0,0,1,1,1,0
"Charles_de_Morny,_Duke_of_Morny",,0,0,1,1,1,0
"Charles_of_Austria,_Bishop_of_Wroclaw",,0,0,1,1,1,0
Charles_of_Lorraine_(bishop_of_Metz_and_Strasbourg),,0,0,1,1,1,0
"Charles_of_Saxony,_Duke_of_Courland",,0,0,1,1,1,0
"Charles_of_Valois,_Duke_of_Berry",,0,0,1,1,2,0
Charles_the_Child,,0,0,1,1,2,0
Charles_the_Younger,,0,0,1,1,1,0
"Charlotte,_Princess_Royal",,0,0,1,1,2,0
Charlotte_of_France,,0,0,1,1,1,0
Childebrand_I,,0,0,1,1,2,0
Childeric_III,,0,0,2,2,1,0
Christina_of_Lorraine,,0,0,1,1,1,0
"Cipriano_de_Palafox,_8th_Count_of_Montijo",,0,0,1,1,1,0
"Claude,_Duke_of_Aumale",,0,0,1,1,1,0
Clemens_Wenceslaus_of_Saxony,,0,0,1,1,1,0
Clementia_of_Burgundy,,0,0,2,2,1,1
Clotilde_of_France,,0,0,1,1,2,0
"Conrad_I,_Count_of_Auxerre",,0,0,2,2,1,1
Conrad_IV_of_Germany,,0,0,2,2,1,0
Conrad_I_of_Germany,,0,0,2,2,1,0
Conrad_of_Ivrea,,0,0,1,1,2,0
Constance_of_Aragon,,0,0,1,1,1,0
"Constance_of_Aragon,_Lady_of_Villena",,0,0,1,1,2,0
Constance_of_Austria,,0,0,1,1,1,0
Constance_of_Burgundy,,0,0,1,1,1,0
"Constance_of_France,_Countess_of_Toulouse",,0,0,1,1,2,0
"Constance_of_France,_Princess_of_Antioch",,0,0,1,1,2,0
Constanza_Manuel,,0,0,2,2,1,1
Count_of_Boulogne,,0,0,1,1,1,0
Count_of_Montijo,,0,0,1,1,1,0
Countess_Palatine_Hedwig_Elisabeth_of_Neuburg,,0,0,1,1,1,0
Countess_of_Pembroke,,0,0,1,1,1,0
Counts_and_dukes_of_Aumale,,0,0,1,1,1,0
Cristina_(daughter_of_Edward_the_Exile),,0,0,1,1,1,0
Cumans,,0,0,1,1,1,0
David_II_of_Scotland,,0,0,2,2,1,0
David_I_of_Scotland,,0,0,1,1,1,0
"David_Stewart,_Duke_of_Rothesay",,0,0,1,1,1,0
"David_Stewart,_Earl_of_Moray",,0,0,1,1,1,0
"David_Stewart,_Earl_of_Strathearn",,0,0,1,1,1,0
"Denis,_Lord_of_Cifuentes",,0,0,1,1,1,0
Desiderius,,0,0,2,2,1,0
"Diego,_Prince_of_Asturias",,0,0,1,1,1,0
"Diogo,_Duke_of_Viseu",,0,0,1,1,1,0
"Dirk_IV,_Count_of_Holland",,0,1,3,3,2,0
"Dirk_V,_Count_of_Holland",,0,1,2,2,1,0
Dobroniega_Ludgarda_of_Poland,,0,0,1,1,1,0
Dorotea_Gonzaga,,0,0,2,2,1,1
Dorothea_of_Lorraine,,0,0,1,1,1,0
Drogo_of_Champagne,,0,1,2,2,1,0
Duchess_Anna_of_Prussia,,0,0,1,1,1,0
Duchess_Christiane_of_Mecklenburg,,0,0,1,1,2,0
Duchess_Gustave_Caroline_of_Mecklenburg-Strelitz,,0,0,1,1,1,0
Duchess_Sophie_of_Prussia,,0,0,1,1,1,0
Duke_Ernest_Gottlob_of_Mecklenburg,,0,0,1,1,2,0
Duke_George_Augustus_of_Mecklenburg,,0,0,1,1,2,0
Duke_of_Schleswig,,0,0,1,1,1,0
Eadburh_of_Winchester,,0,0,1,1,1,0
Eadgyth,,0,0,1,1,2,0
Eadred,,0,0,1,1,1,0
"Edgar,_King_of_Scotland",,0,0,1,1,1,0
Edith_of_Polesworth,,0,0,1,1,1,0
Edmund_Crouchback,,0,0,2,2,3,1
Edmund_I,,0,0,1,1,1,0
"Edmund_Tudor,_Duke_of_Somerset",,0,0,1,1,2,0
Edmund_of_Scotland,,0,0,1,1,1,0
"Edmund_of_Woodstock,_1st_Earl_of_Kent",,0,0,1,1,1,0
"Edward_III,_Duke_of_Bar",,0,0,1,1,1,0
Edward_V_of_England,,0,0,1,1,1,0
"Edward_Woodville,_Lord_Scales",,0,0,1,1,1,0
"Edward_of_Westminster,_Prince_of_Wales",,0,0,1,1,2,0
Edwin_(son_of_Edward_the_Elder),,0,0,1,1,2,0
Egbert_(archbishop_of_Trier),,0,0,1,1,1,0
"Eleanor_Clifford,_Countess_of_Cumberland",,0,0,1,1,1,0
Eleanor_de'_Medici,,0,0,1,1,2,0
Eleanor_of_Anjou,,0,0,1,1,1,0
"Eleanor_of_Aragon,_Countess_of_Toulouse",,0,0,1,1,1,0
Eleanor_of_Brittany_(abbess),,0,0,1,1,2,0
"Eleanor_of_Castile,_Queen_of_Navarre",,0,0,1,1,1,0
Eleanor_of_Castile_(died_1244),,0,0,2,2,3,1
"Eleanor_of_England,_Countess_of_Bar",,0,0,1,1,2,0
"Eleanor_of_England,_Countess_of_Leicester",,0,0,1,1,1,0
Eleanor_of_Normandy,,0,0,2,2,1,1
"Eleanor_of_Portugal,_Queen_of_Aragon",,0,0,1,1,1,0
"Eleanor_of_Portugal,_Queen_of_Denmark",,0,0,1,1,1,0
Eleanor_of_Prussia,,0,0,1,1,1,0
Eleanor_of_Scotland,,0,0,1,1,1,0
Eleanor_of_Woodstock,,0,0,1,1,2,0
Eleonore_Magdalene_of_Neuburg,,0,0,1,1,1,0
"Elias_II,_Count_of_Maine",,0,0,1,1,1,0
Elisa_Bonaparte,,0,0,1,1,1,0
Elisabeth_Therese_of_Lorraine,,0,0,2,2,2,1
Elisabeth_of_Cleves,,0,0,2,2,1,1
Elisabeth_of_Courtenay,,0,0,1,1,1,0
"Elisabeth_of_Hesse,_Electress_Palatine",,0,0,1,1,1,0
Elisabeth_of_Lorraine,,0,0,1,1,1,0
Elisabeth_of_Valois,,0,0,2,2,3,1
Elisiv_of_Kiev,,0,0,1,1,2,0
Elizabeth_I,,0,1,2,2,1,0
Elizabeth_Stuart_(daughter_of_Charles_I),,0,0,1,1,1,0
"Elizabeth_of_Hungary,_Queen_of_Serbia",,0,0,1,1,1,0
"Elizabeth_of_Lancaster,_Duchess_of_Exeter",,0,0,1,1,1,0
Elizabeth_of_Rhuddlan,,0,0,1,1,2,0
Emanuel_Filibert_of_Savoy,,0,0,1,1,1,0
Emma_of_Anjou,,0,0,1,1,1,0
Emma_of_France,,0,0,2,2,2,1
"Emma_of_Paris,_Duchess_of_Normandy",,0,0,1,1,1,0
Eric_of_Lorraine,,0,0,1,1,1,0
Ermengarde_of_Anjou_(d._1146),,0,0,2,2,2,1
Ermengarde_of_Tuscany,,0,0,2,2,1,0
"Ermentrude,_daughter_of_Louis_the_Stammerer",,0,0,1,1,1,0
"Ernest_Augustus,_Duke_of_York_and_Albany",,0,0,1,1,1,0
"Ernest_Augustus,_King_of_Hanover",,0,0,1,1,2,0
Ernest_of_Bavaria,,0,0,1,1,1,0
Ethelinde_of_Northeim,,0,0,2,2,1,1
Ethelred_of_Scotland,,0,0,1,1,1,0
"Eugene_Jean,_Count_of_Soissons",,0,0,2,2,1,1
Euphemia_de_Ross,,0,0,2,2,1,1
Fadrique_Alfonso,,0,0,1,1,1,0
"Ferdinand,_Count_of_Flanders",,0,0,1,1,1,0
"Ferdinand,_Duke_of_Parma",,0,0,1,1,1,0
"Ferdinand,_Prince_of_Asturias",,0,0,1,1,1,0
"Ferdinand_II,_Archduke_of_Austria",,0,1,2,2,2,0
"Ferdinand_II,_Holy_Roman_Emperor",,0,0,1,1,1,0
"Ferdinand_III,_Grand_Duke_of_Tuscany",,0,1,2,2,2,0
Ferdinand_II_of_the_Two_Sicilies,,0,0,1,1,1,0
Ferdinand_I_of_Austria,,0,1,2,2,2,0
Ferdinand_I_of_Portugal,,0,1,2,2,1,0
Ferdinand_VI_of_Spain,,0,1,3,3,2,0
Ferdinand_of_Bavaria_(soldier),,0,0,1,1,1,0
Ferdinand_of_Castile_(born_1238),,0,0,1,1,1,0
Ferdinand_of_Castile_(died_1211),,0,0,1,1,1,0
"Ferdinand_of_Portugal,_Duke_of_Guarda",,0,0,1,1,1,0
Ferdinand_the_Holy_Prince,,0,0,1,1,1,0
"Ferdinando_I_de'_Medici,_Grand_Duke_of_Tuscany",,0,1,2,2,2,0
"Fernando,_Lord_of_Serpa",,0,0,1,1,1,0
Florine_of_Burgundy,,0,0,1,1,1,0
"Frances_Grey,_Duchess_of_Suffolk",,0,0,1,1,1,0
"Francesco_Farnese,_Duke_of_Parma",,0,0,2,2,1,1
"Francis,_Count_of_Enghien",,0,0,1,1,1,0
"Francis,_Duke_of_Guise",,0,0,1,1,1,0
"Francis_Hyacinth,_Duke_of_Savoy",,0,1,3,3,2,0
"Francis_III,_Duke_of_Brittany",,0,1,2,2,2,0
Francis_Louis_of_Palatinate-Neuburg,,0,0,1,1,1,0
"Francis_V,_Duke_of_Modena",,0,1,2,2,2,0
Frederica_Louisa_of_Hesse-Darmstadt,,0,0,1,1,1,0
"Frederick,_Duke_of_Bavaria",,0,0,1,1,1,0
"Frederick,_Hereditary_Prince_of_Saxony",,0,0,1,1,1,0
"Frederick_Christian,_Elector_of_Saxony",,0,0,1,1,1,0
"Frederick_I,_Elector_of_Brandenburg",,0,0,1,1,1,0
"Frederick_II,_Holy_Roman_Emperor",,0,0,2,2,1,0
"Frederick_III,_Duke_of_Austria",,0,0,1,1,1,0
"Frederick_III,_Duke_of_Saxe-Gotha-Altenburg",,0,0,1,1,1,0
"Frederick_William,_Duke_of_Mecklenburg-Schwerin",,0,0,2,2,1,0
Frederick_of_Castile,,0,0,1,1,1,0
Frederick_of_Naples,,0,0,2,2,1,0
Frederick_the_Fair,,0,0,2,2,2,0
Fredericka_of_Saxe-Gotha-Altenburg,,0,0,1,1,1,0
French_Revolution_of_1848,,0,2,2,3,2,0
Garzia_de'_Medici,,0,0,1,1,1,0
"Gaston,_Prince_of_Viana",,0,0,1,1,1,0
"Geoffrey,_Count_of_Nantes",,0,0,1,1,2,0
Geoffrey_(archbishop_of_York),,0,0,1,1,1,0
"Geoffrey_II,_Duke_of_Brittany",,0,0,1,1,2,0
"Geoffrey_III,_Count_of_Anjou",,0,0,2,2,1,0
"Geoffrey_IV,_Count_of_Anjou",,0,0,1,1,1,0
"George_Gordon,_5th_Earl_of_Huntly",,0,0,1,1,2,0
"George_I,_Landgrave_of_Hesse-Darmstadt",,0,0,1,1,1,0
George_IV,,0,1,2,2,2,0
"George_Plantagenet,_1st_Duke_of_Bedford",,0,0,1,1,1,0
Gerberga_of_Burgundy,,0,0,1,1,2,0
Germaine_of_Foix,,0,0,2,2,1,1
Gerolf_of_Holland,,0,0,2,2,1,0
Gersende_of_Maine,,0,0,2,2,1,1
Gertrude_of_Bavaria,,0,0,1,1,1,0
Gertrude_of_Dagsburg,,0,0,2,2,1,1
"Gertrude_of_Flanders,_Countess_of_Savoy",,0,0,1,1,1,0
"Gertrude_of_Flanders,_Duchess_of_Lorraine",,0,0,2,2,1,1
Gian_Galeazzo_Sforza,,0,1,2,2,2,0
"Gian_Gastone_de'_Medici,_Grand_Duke_of_Tuscany",,0,0,2,2,1,0
"Gilbert,_Duke_of_Lorraine",,0,0,2,2,1,1
Ginevra_Cavalcanti,,0,0,2,2,1,1
Giovanni_de'_Medici_(cardinal),,0,0,1,1,1,0
Girolamo_Savonarola,,0,1,2,2,1,0
"Gisela,_Abbess_of_Chelles",,0,0,1,1,1,0
Gisela_of_Burgundy,,0,0,1,1,1,0
Gisela_of_France,,0,0,1,1,2,0
"Gisela_of_France,_Countess_of_Ponthieu",,0,0,1,1,2,0
"Giuliano_de'_Medici,_Duke_of_Nemours",,0,0,2,2,1,0
"Godfrey_I,_Count_of_Verdun",,0,0,2,2,1,1
Golden_Ambrosian_Republic,,0,0,2,2,1,0
Grifo_(noble),,0,0,1,1,1,0
Grimoald_the_Younger,,0,1,2,2,1,0
Guigues_VI_of_Viennois,,0,0,1,1,1,0
Guy_III_of_Spoleto,,0,1,2,2,1,0
Guy_of_Ivrea,,0,0,1,1,2,0
"Hamelin_de_Warenne,_Earl_of_Surrey",,0,0,1,1,1,0
Haziga_of_Diessen,,0,0,2,2,1,1
"Hedwig_Jagiellon,_Duchess_of_Bavaria",,0,0,1,1,1,0
"Hedwig_of_France,_Countess_of_Mons",,0,0,1,1,2,0
"Hedwig_of_France,_Countess_of_Nevers",,0,0,1,1,1,0
Hedwig_of_Habsburg,,0,0,1,1,2,0
"Heinrich_of_Saxe-Weissenfels,_Count_of_Barby",,0,0,1,1,1,0
Helie_of_Burgundy,,0,0,1,1,1,0
Henri_de_Dreux,,0,0,1,1,1,0
Henri_de_Lorraine-Chaligny,,0,0,1,1,1,0
"Henry,_Duke_of_Villena",,0,0,1,1,2,0
"Henry,_King_of_Portugal",,0,0,1,1,1,0
Henry_Beaufort,,0,0,1,1,1,0
"Henry_Beaumont,_3rd_Baron_Beaumont",,0,0,1,1,1,0
"Henry_Brandon,_1st_Earl_of_Lincoln",,0,0,1,1,1,0
"Henry_I,_Duke_of_Bavaria",,0,0,1,1,1,0
"Henry_I,_Duke_of_Burgundy",,0,0,1,1,1,0
"Henry_II,_Duke_of_Austria",,0,0,2,2,1,0
"Henry_II,_Duke_of_Lorraine",,0,1,2,2,1,0
Henry_III_of_Castile,,0,1,2,2,1,0
Henry_II_of_Namur,,0,0,1,1,1,0
Henry_IV_of_Castile,,0,0,2,2,1,0
Henry_I_of_Castile,,0,1,2,2,2,0
"Henry_Stuart,_Duke_of_Gloucester",,0,0,1,1,1,0
"Henry_Stuart,_Lord_Darnley",,1,0,7,6,1,1
"Henry_V,_Count_Palatine_of_the_Rhine",,0,0,1,1,1,0
"Henry_V,_Holy_Roman_Emperor",,0,0,2,2,1,1
Henry_VIII,,0,1,2,2,2,0
Henry_of_Bar,,0,0,1,1,1,0
Henry_of_Bohemia,,0,0,2,3,2,0
Henry_of_Castile_the_Senator,,0,0,1,1,1,0
"Henry_of_France,_Archbishop_of_Reims",,0,0,1,1,2,0
Henry_of_Sandomierz,,0,0,1,1,1,0
Henry_the_Friendly,,0,0,1,1,1,0
Henry_the_Young_King,,0,0,1,1,2,0
Herbert_III_of_Omois,,0,0,2,2,1,1
Hermes_Maria_Sforza,,0,0,1,1,1,0
"Hieronymus,_son_of_Charles_Martel",,0,0,1,1,1,0
Hiltrud,,0,0,1,1,1,0
House_of_Wittelsbach,,0,0,1,1,1,0
Hucbert,,0,0,1,1,1,0
"Hugh,_Count_of_Vermandois",,0,0,1,1,2,0
Hugh_Despenser_the_Elder,,0,0,2,2,1,1
"Hugh_I,_Duke_of_Burgundy",,0,1,3,3,2,0
"Hugh_V,_Duke_of_Burgundy",,0,1,3,3,3,0
Hugh_de_Courtenay,,0,0,2,2,1,1
Hugh_the_Abbot,,0,0,1,1,1,0
Igor_Yaroslavich,,0,0,1,1,2,0
"Infanta_Branca,_Lady_of_Guadalajara",,0,0,1,1,1,0
Infanta_Maria_Josefa_of_Spain,,0,0,1,1,1,0
"Infante_Antonio,_Duke_of_Galliera",,0,0,1,1,2,0
Infante_Antonio_Pascual_of_Spain,,0,0,1,1,1,0
Infante_Gabriel_of_Spain,,0,0,1,1,1,0
Infante_Luis_of_Spain,,0,0,1,1,1,0
"Infante_Philip,_Duke_of_Calabria",,0,0,1,1,1,0
Ingelger,,0,0,1,1,1,0
Irene_Angelina,,0,0,1,1,1,0
Irmgard_of_Chiemsee,,0,0,1,1,1,0
Isabel_of_Viseu,,0,0,1,1,2,0
"Isabella,_Countess_of_Gloucester",,0,0,2,2,1,1
"Isabella,_Countess_of_Vertus",,0,0,1,1,2,0
Isabella_Clara_Eugenia,,0,0,1,1,1,0
Isabella_II_of_Spain,,0,0,1,1,1,0
Isabella_de'_Medici,,0,0,1,1,1,0
"Isabella_of_Aragon,_Queen_of_Portugal",,0,0,1,1,2,0
Isabella_of_Austria,,0,0,1,1,2,0
"Isabella_of_Burgundy,_Queen_of_Germany",,0,0,2,2,2,1
"Isabella_of_Castile,_Queen_of_Aragon",,0,0,1,1,1,0
Isabella_of_England,,0,0,1,1,1,0
"Isabella_of_France,_Dauphine_of_Viennois",,0,0,1,1,2,0
"Isabella_of_France,_Queen_of_Navarre",,0,0,1,1,2,0
Isabella_of_Savoy,,0,0,1,1,1,0
"Isabella_of_Scotland,_Duchess_of_Brittany",,0,0,1,1,1,0
Isabella_of_Valois,,0,0,2,2,3,1
"Isabelle,_Duchess_of_Brittany",,0,0,1,1,1,0
Isabelle_de_Bourbon,,0,0,1,1,1,0
Isabelle_of_France_(saint),,0,0,1,1,2,0
Iziaslav_I_of_Kiev,,0,1,2,2,2,0
Izyaslav_of_Polotsk,,0,0,1,1,1,0
Jacques-Charles_Dupont_de_l'Eure,,0,2,2,3,2,0
"Jacques_de_Foix,_Count_of_Montfort",,0,0,1,1,1,0
"Jacques_of_Savoy,_Count_of_Romont",,0,0,2,2,4,1
"James,_Duke_of_Rothesay_(born_1540)",,0,0,1,1,1,0
James_Gordon_(Jesuit),,0,0,1,1,2,0
James_II_of_England,,0,0,1,1,1,0
James_II_of_Majorca,,0,0,1,1,2,0
"James_Stewart,_1st_Earl_of_Moray",,0,0,1,1,1,0
"James_Stewart,_Duke_of_Ross",,0,0,1,1,1,0
"James_Stewart,_the_Black_Knight_of_Lorn",,0,0,2,2,1,1
James_V_of_Scotland,male,3,1,10,10,4,1
James_of_Avesnes,male,0,0,5,4,1,0
Janus_of_Cyprus,male,0,0,3,3,2,1
Jeanne_d'Albret,female,2,2,10,10,5,1
"Jeanne_de_Bourbon,_Duchess_of_Bourbon",female,0,0,7,7,3,1
"Joan,_Countess_of_Ponthieu",female,1,2,10,8,5,1
"Joan_Beaufort,_Queen_of_Scots",female,0,0,7,7,4,1
"Joan_Fitzalan,_Countess_of_Hereford",female,0,0,7,6,3,1
"Joan_I,_Countess_of_Auvergne",female,1,1,9,7,4,1
"Joan_II,_Countess_of_Burgundy",female,4,2,10,10,4,1
"Joan_III,_Countess_of_Burgundy",female,1,1,10,8,4,1
Joan_II_of_Navarre,female,6,2,9,14,5,1
Joan_I_of_Navarre,female,4,1,10,10,7,1
"Joan_of_France,_Duchess_of_Berry",female,0,0,4,4,3,1
Joan_of_Geneva,female,0,0,2,2,1,0
"Joan_of_Navarre,_Queen_of_England",female,0,0,3,4,3,1
"Joan_of_Ponthieu,_Dame_of_Epernon",female,0,0,5,6,2,1
"Joan_of_Valois,_Countess_of_Hainaut",female,4,0,8,10,4,1
Joan_the_Lame,female,2,0,8,8,4,1
"Joanna_of_Austria,_Grand_Duchess_of_Tuscany",female,4,0,8,10,4,1
Joanna_of_Bourbon,female,3,0,7,8,4,1
Joanna_of_Castile,female,6,3,10,12,6,1
Joanna_of_Flanders,female,0,0,3,3,2,1
Joanna_of_Pfirt,female,0,0,3,3,2,1
"John,_Constable_of_Portugal",male,0,0,3,3,4,1
"John,_Count_of_Chalon",male,0,0,6,7,3,1
"John,_King_of_England",male,7,2,10,17,7,1
"John_Beaufort,_1st_Earl_of_Somerset",male,0,0,3,3,3,1
"John_Frederick,_Duke_of_Brunswick-Calenberg",male,0,0,4,4,3,1
"John_George_I,_Elector_of_Saxony",male,0,0,3,3,2,1
"John_I,_Count_of_Hainaut",male,0,0,7,6,2,1
"John_I,_Count_of_La_Marche",male,0,0,6,6,5,1
"John_I,_Duke_of_Brabant",male,0,0,3,3,2,1
"John_I,_Duke_of_Brittany",male,2,3,10,9,5,1
"John_I,_Duke_of_Lorraine",male,2,0,8,9,3,1
"John_II,_Count_of_Holland",male,0,0,7,6,2,1
"John_II,_Duke_of_Brittany",male,5,1,10,11,5,1
"John_III,_Count_of_Auvergne",male,0,0,3,3,2,1
John_II_of_Aragon,male,7,2,10,16,7,1
John_II_of_Castile,male,0,0,3,3,2,1
John_II_of_France,male,7,1,10,14,8,1
John_II_of_Portugal,male,1,1,10,8,3,1
"John_IV,_Duke_of_Brittany",male,4,2,10,13,7,1
John_I_of_Aragon,male,0,0,3,4,3,1
John_I_of_Castile,male,2,1,10,9,5,1
John_I_of_France,male,0,1,8,6,3,0
John_I_of_Portugal,male,8,1,10,15,4,1
"John_Stewart,_1st_Earl_of_Lennox",male,0,0,5,4,1,0
"John_Stewart,_3rd_Earl_of_Lennox",male,0,0,5,4,1,0
John_Stewart_of_Darnley,male,0,0,6,5,2,0
"John_VII,_Duke_of_Mecklenburg-Schwerin",male,0,0,6,7,2,1
John_of_Bohemia,male,7,2,10,16,8,1
John_of_Gaunt,male,8,1,9,15,4,1
John_of_Montfort,male,2,1,10,9,4,1
John_the_Fearless,male,5,1,9,10,5,1
"Joseph_I,_Holy_Roman_Emperor",male,0,0,3,3,2,1
Juana_Manuel,female,0,0,3,3,2,1
Judith_of_Bavaria_(died_843),female,0,0,8,7,3,1
Judith_of_Flanders,female,0,0,3,3,5,1
Judith_of_Flanders_(died_1095),female,0,0,3,3,2,1
Judith_of_Habsburg,female,4,0,7,9,4,1
"Karl_August,_Grand_Duke_of_Saxe-Weimar-Eisenach",male,0,0,3,3,3,1
Kunigunde_of_Altdorf,female,0,0,3,3,2,1
Lady_Margaret_Beaufort,female,0,0,3,3,2,1
"Lambert_I,_Count_of_Louvain",male,0,0,6,5,2,1
"Lambert_II,_Count_of_Louvain",male,0,0,6,5,1,0
Landgravine_Elisabeth_Amalie_of_Hesse-Darmstadt,female,10,0,8,16,3,1
Leonor_de_Alvim,female,0,0,2,2,1,0
"Leopold,_Duke_of_Lorraine",male,6,0,9,13,2,1
"Leopold_II,_Holy_Roman_Emperor",male,14,2,10,21,7,1
"Leopold_III,_Duke_of_Austria",male,0,1,9,8,5,1
Letgarda_de_Rouergue,female,0,0,2,2,1,0
Letizia_Bonaparte,female,8,0,5,12,3,1
Leuthard_I_of_Paris,male,0,0,2,2,1,0
"Liudolf,_Duke_of_Saxony",male,0,0,3,3,1,0
"Liudolf,_Margrave_of_Frisia",male,0,0,6,5,1,0
Lorenzo_de'_Medici,male,0,1,9,8,3,1
"Lorenzo_de'_Medici,_Duke_of_Urbino",male,0,1,9,8,4,1
Lorenzo_the_Elder,male,0,0,7,6,2,1
Lothair_II_of_Italy,male,1,1,9,7,4,1
Lothair_of_France,male,2,1,10,8,4,1
"Louis,_Dauphin_of_France_(son_of_Louis_XIV)",male,3,0,8,11,6,1
"Louis,_Dauphin_of_France_(son_of_Louis_XV)",male,7,0,7,13,6,1
"Louis,_Duke_of_Burgundy",male,1,0,8,8,4,1
"Louis,_Duke_of_Savoy",male,8,1,10,14,7,1
Louis_Bonaparte,male,3,0,9,9,4,1
"Louis_I,_Duke_of_Bavaria",male,0,0,7,6,2,1
"Louis_I,_Duke_of_Bourbon",male,4,0,8,10,4,1
"Louis_II,_Duke_of_Bavaria",male,0,0,7,8,4,1
Louis_III_of_France,male,0,1,8,6,2,0
Louis_II_of_Anjou,male,5,2,10,13,8,1
"Louis_IV,_Holy_Roman_Emperor",male,8,2,10,18,7,1
Louis_IV_of_France,male,3,1,10,10,6,1
"Louis_IX,_Landgrave_of_Hesse-Darmstadt",male,0,0,3,3,3,1
Louis_IX_of_France,male,9,1,10,15,6,1
Louis_I_of_Anjou,male,2,0,9,8,4,1
Louis_I_of_Brzeg,male,0,0,2,2,1,0
Louis_Philippe_I,male,0,3,8,12,11,1
Louis_VIII_of_France,male,5,2,10,13,6,1
Louis_VII_of_France,male,6,1,10,14,7,1
Louis_VI_of_France,male,7,1,10,14,7,1
Louis_V_of_France,male,0,1,9,7,4,1
Louis_XI,male,3,1,9,9,5,1
Louis_XII,male,2,4,9,15,12,1
Louis_XIII,male,2,1,9,7,5,1
Louis_XIV,male,12,1,9,21,9,1
Louis_XV,male,10,1,8,16,6,0
Louis_XVI,male,4,1,9,11,7,1
Louis_XVII,male,0,1,7,5,3,0
Louis_XVIII,male,0,2,8,9,7,1
Louis_X_of_France,male,0,2,7,8,6,1
Louis_the_German,male,3,1,9,8,6,1
Louis_the_Pious,male,4,1,9,10,7,1
Louis_the_Stammerer,male,4,1,9,10,7,1
Louise_Henriette_de_Bourbon,female,0,0,3,3,3,1
Louise_of_Lorraine,female,0,0,6,5,2,1
Louise_of_Savoy,female,2,0,8,9,6,1
Lucrezia_Tornabuoni,female,0,0,3,3,2,1
Ludmilla_of_Bohemia,female,0,0,3,3,2,1
Luitgarde_of_Vermandois,female,0,0,6,6,3,1
Lutgardis_of_Luxemburg,female,0,0,3,3,2,1
Madeleine_de_La_Tour_d'Auvergne,female,0,0,7,6,2,1
Magdalene_Sibylle_of_Prussia,female,0,0,7,6,3,1
"Mahaut,_Countess_of_Artois",female,0,1,9,7,4,1
Malcolm_III_of_Scotland,male,0,0,3,3,2,1
Manuel_I_of_Portugal,male,0,1,4,5,6,1
Maredudd_ap_Tudur,male,0,0,4,5,1,0
"Margaret,_Countess_of_Anjou",female,5,1,10,11,5,1
"Margaret,_Countess_of_Vertus",female,0,0,3,4,5,1
Margaret_Boswell,female,0,0,2,2,1,0
Margaret_Douglas,female,0,0,4,4,2,1
"Margaret_Holland,_Duchess_of_Clarence",female,0,0,7,7,3,1
"Margaret_I,_Countess_of_Flanders",female,0,0,7,6,4,1
"Margaret_II,_Countess_of_Flanders",female,0,0,3,3,2,1
"Margaret_III,_Countess_of_Flanders",female,0,0,3,3,2,1
"Margaret_Stewart,_Dauphine_of_France",female,0,0,7,6,2,1
Margaret_Tudor,female,0,0,3,3,4,1
Margaret_of_Anjou,female,1,0,7,6,3,1
Margaret_of_Artois,female,0,0,7,7,4,1
"Margaret_of_Austria,_Queen_of_Spain",female,5,0,8,11,4,1
Margaret_of_Bar,female,0,0,2,2,1,0
Margaret_of_Baux,female,0,0,5,5,1,0
Margaret_of_Bavaria,female,5,0,8,11,5,1
"Margaret_of_Bourbon,_Queen_of_Navarre",female,0,0,3,3,2,1
Margaret_of_Brabant,female,3,0,8,9,3,1
Margaret_of_Brieg,female,7,0,7,12,2,1
"Margaret_of_Burgundy,_Queen_of_France",female,1,0,8,8,5,1
"Margaret_of_Denmark,_Queen_of_Scotland",female,0,0,3,3,2,1
"Margaret_of_Flanders,_Duchess_of_Brabant",female,0,0,7,6,2,1
Margaret_of_Foix,female,2,0,8,9,5,1
Margaret_of_Geneva,female,0,0,6,5,2,1
Margaret_of_Joinville,female,0,0,3,3,3,1
Margaret_of_Provence,female,9,0,7,14,6,1
"Margaret_of_Savoy,_Countess_of_Saint-Pol",female,1,0,8,8,5,1
Margaret_of_Valois,female,0,0,7,6,3,1
"Margaret_of_Valois,_Duchess_of_Berry",female,0,0,3,3,4,1
Margaret_of_the_Palatinate,female,2,0,8,8,3,1
Maria_Amalia_of_Naples_and_Sicily,female,9,0,9,16,6,1
Maria_Amalia_of_Saxony,female,8,0,8,15,6,1
Maria_Anna_Victoria_of_Bavaria,female,0,0,3,3,3,1
Maria_Anna_of_Bavaria_(born_1551),female,12,0,8,18,3,1
Maria_Antonia_Ferdinanda_of_Spain,female,10,0,8,16,4,1
"Maria_Beatrice_d'Este,_Duchess_of_Massa",female,6,1,9,12,4,1
Maria_Beatrice_of_Savoy,female,3,0,8,9,3,1
Maria_Carolina_of_Austria,female,15,0,6,20,5,1
Maria_Christina_of_the_Two_Sicilies,female,6,0,8,14,4,1
Maria_Josepha_of_Austria,female,11,0,8,17,4,1
"Maria_Josepha_of_Saxony,_Dauphine_of_France",female,7,0,8,13,5,1
Maria_Luisa_of_Parma,female,0,0,7,6,3,1
Maria_Luisa_of_Spain,female,14,0,8,20,4,1
Maria_Salviati,female,0,0,3,3,2,1
"Maria_Teresa_Cybo-Malaspina,_Duchess_of_Massa",female,1,1,8,7,4,1
Maria_Teresa_Felicitas_d'Este,female,5,0,8,12,3,1
Maria_Theresa,female,16,2,9,22,9,1
"Maria_Theresa_of_Austria-Este,_Queen_of_Sardinia",female,4,0,8,10,4,1
Maria_Theresa_of_Naples_and_Sicily,female,8,0,8,14,4,1
Maria_Theresa_of_Savoy,female,3,0,8,9,5,1
Maria_Theresa_of_Spain,female,3,0,7,8,4,1
"Maria_of_Aragon,_Queen_of_Portugal",female,8,0,8,14,4,1
"Maria_of_Austria,_Holy_Roman_Empress",female,9,0,8,15,3,1
Maria_of_Montpellier,female,0,0,3,3,2,1
Maria_of_Swabia,female,0,0,6,6,3,1
"Marie,_Countess_of_Harcourt",female,0,0,3,3,3,1
"Marie,_Countess_of_Ponthieu",female,0,0,8,7,3,1
"Marie-Caroline_of_Bourbon-Two_Sicilies,_Duchess_of_Berry",female,2,0,8,8,3,1
Marie_Antoinette,female,4,0,7,10,6,1
Marie_Eleonore_of_Cleves,female,5,0,8,11,2,1
Marie_Jeanne_Baptiste_of_Savoy-Nemours,female,0,0,3,3,2,1
"Marie_Louise,_Duchess_of_Parma",female,2,0,8,11,6,1
Marie_de'_Medici,female,6,0,8,12,6,1
Marie_of_Anjou,female,7,0,7,12,4,1
"Marie_of_Blois,_Duchess_of_Anjou",female,0,0,3,3,2,1
"Marie_of_Brabant,_Queen_of_France",female,3,0,8,9,2,1
"Marie_of_Brittany,_Countess_of_Saint-Pol",female,0,0,7,6,4,1
"Marie_of_France,_Countess_of_Champagne",female,0,0,3,3,4,1
"Marie_of_France,_Duchess_of_Bar",female,5,0,8,11,4,1
"Marie_of_Luxembourg,_Queen_of_France",female,0,0,7,6,3,1
Marjorie_Bruce,female,0,0,3,3,2,1
"Mary,_Queen_of_Scots",female,1,1,10,9,6,1
"Mary_Tudor,_Queen_of_France",female,3,0,8,10,4,1
Mary_de_Bohun,female,0,0,6,5,2,1
Mary_of_Avesnes,female,0,0,3,3,3,1
Mary_of_Burgundy,female,0,1,4,4,4,1
"Mary_of_Burgundy,_Duchess_of_Cleves",female,6,0,8,12,4,1
"Mary_of_Burgundy,_Duchess_of_Savoy",female,0,0,2,2,1,0
Mary_of_Guelders,female,0,0,3,3,2,1
Mary_of_Guise,female,3,0,8,11,4,1
"Mary_of_Hungary,_Queen_of_Naples",female,11,0,8,17,3,1
Mastino_II_della_Scala,male,0,0,2,2,1,0
"Matilda_of_Bavaria,_Margravine_of_Meissen",female,0,0,7,6,4,1
"Matilda_of_Boulogne,_Duchess_of_Brabant",female,0,0,3,3,2,1
"Matilda_of_Brabant,_Countess_of_Artois",female,0,0,6,5,1,0
Matilda_of_Carinthia,female,0,0,6,5,3,1
"Matilda_of_England,_Duchess_of_Saxony",female,0,0,3,3,4,1
Matilda_of_France,female,3,0,8,9,4,1
Matilda_of_Frisia,female,0,0,6,5,1,1
Matilda_of_Habsburg,female,0,0,3,3,4,1
Matilda_of_Ringelheim,female,0,0,4,4,3,1
"Matilda_of_Savoy,_Queen_of_Portugal",female,0,0,3,3,2,1
"Matilda_of_Saxony,_countess_of_Flanders",female,0,0,6,6,3,1
Matilda_of_Scotland,female,2,0,7,7,3,1
"Matthew_Stewart,_2nd_Earl_of_Lennox",male,0,0,7,6,2,1
"Matthew_Stewart,_4th_Earl_of_Lennox",male,0,0,6,5,2,1
"Matthias_I,_Duke_of_Lorraine",male,2,1,10,8,4,1
"Matthias_II,_Duke_of_Lorraine",male,1,1,8,6,3,0
Maud_Chaworth,female,0,0,6,5,2,1
"Maud_FitzJohn,_Countess_of_Warwick",female,0,0,5,5,2,1
Maud_of_Apulia,female,0,0,3,3,2,1
"Maximilian_I,_Holy_Roman_Emperor",male,2,1,10,11,6,1
"Maximilian_II,_Holy_Roman_Emperor",male,9,1,10,15,5,1
Muzio_Attendolo_Sforza,male,0,0,2,2,1,0
Napoleon,male,1,0,8,9,6,1
Napoleon_II,male,0,1,6,4,2,0
Napoleon_III,male,1,1,8,8,5,1
"Nicholas_Francis,_Duke_of_Lorraine",male,2,0,8,9,3,1
"Nicholas_d'Oisy,_Lord_of_Avesnes",male,0,0,5,4,1,0
Oberto_I,male,0,0,2,2,1,0
"Oberto_II,_Margrave_of_Milan",male,0,0,5,4,1,0
"Odo_I,_Count_of_Blois",male,0,0,7,6,2,1
"Odo_I,_Duke_of_Burgundy",male,3,1,9,9,3,1
"Odo_II,_Count_of_Blois",male,0,0,7,6,2,1
"Odo_II,_Duke_of_Burgundy",male,1,1,8,5,2,0
"Odo_III,_Duke_of_Burgundy",male,1,1,9,7,4,1
"Odo_IV,_Duke_of_Burgundy",male,1,1,10,9,5,1
Odo_of_France,male,0,1,9,9,5,1
"Odoardo_Farnese,_Hereditary_Prince_of_Parma",male,0,0,3,3,2,1
Ogive_of_Luxembourg,female,0,0,3,3,2,1
Osburh,female,0,0,3,3,3,1
"Otto-William,_Count_of_Burgundy",male,0,0,7,6,2,1
"Otto_I,_Count_of_Scheyern",male,0,0,4,4,2,1
"Otto_I,_Duke_of_Bavaria",male,0,1,8,7,3,1
"Otto_I,_Duke_of_Saxony",male,0,0,7,6,2,1
"Otto_II,_Count_of_Habsburg",male,0,0,5,4,1,0
"Otto_II,_Duke_of_Bavaria",male,0,0,7,6,2,1
"Otto_IV,_Count_of_Burgundy",male,0,1,9,8,5,1
"Otto_IV,_Count_of_Scheyern",male,0,0,6,5,2,1
"Otto_V,_Margrave_of_Brandenburg-Salzwedel",male,0,0,2,2,1,0
Owen_Tudor,male,0,0,6,7,1,1
"Patrick_Hepburn,_3rd_Earl_of_Bothwell",male,0,0,3,3,1,0
"Patrick_de_Chaworth,_Lord_of_Kidwelly",male,0,0,2,2,1,0
Pepin_of_Herstal,male,4,2,9,13,8,1
Pepin_the_Short,male,3,3,9,10,5,1
"Peter_I,_Count_of_Saint-Pol",male,0,0,2,2,1,0
"Peter_I,_Duke_of_Bourbon",male,0,0,7,6,3,1
"Peter_I,_Duke_of_Brittany",male,2,1,9,7,3,1
"Peter_II,_Count_of_Saint-Pol",male,0,0,3,3,2,1
Peter_II_of_Aragon,male,1,1,10,7,3,1
Peter_II_of_Courtenay,male,0,0,4,3,2,1
Peter_I_of_Portugal,male,6,1,10,13,6,1
"Peter_of_Courtenay,_Lord_of_Conches",male,0,0,5,4,1,0
Petronilla_of_Aragon,female,0,0,4,4,2,1
"Philip,_Duke_of_Parma",male,0,0,3,3,4,1
"Philip_I,_Landgrave_of_Hesse",male,0,0,3,3,2,1
"Philip_II,_Duke_of_Savoy",male,6,1,10,15,9,1
Philip_III_of_France,male,6,1,10,13,7,1
Philip_III_of_Navarre,male,5,1,10,12,4,1
Philip_III_of_Spain,male,5,1,10,11,4,1
Philip_II_of_France,male,3,1,10,11,6,1
Philip_II_of_Spain,male,6,2,10,16,8,1
Philip_IV_of_France,male,0,2,9,7,7,1
Philip_IV_of_Spain,male,6,1,10,15,8,1
Philip_I_of_Castile,male,6,1,10,12,5,1
Philip_I_of_France,male,3,1,10,10,5,1
Philip_VI_of_France,male,0,3,9,9,6,1
Philip_V_of_France,male,4,1,10,12,5,1
Philip_V_of_Spain,male,0,2,9,12,10,1
"Philip_William,_Elector_Palatine",male,0,0,3,3,2,1
Philip_of_Artois,male,0,0,3,3,2,1
Philip_of_Swabia,male,0,0,2,2,1,0
Philip_the_Bold,male,0,1,9,7,4,1
Philip_the_Good,male,0,1,8,8,6,1
"Philippa,_Countess_of_Toulouse",female,0,0,3,3,2,1
Philippa_of_Guelders,female,0,0,3,3,3,1
Philippa_of_Hainault,female,0,0,6,5,3,1
Philippa_of_Lancaster,female,0,0,3,3,3,1
Philippa_of_Luxembourg,female,0,0,3,3,2,1
Piccarda_Bueri,female,0,0,3,3,3,1
Pierfrancesco_the_Elder,male,0,0,5,4,1,0
Piero_di_Cosimo_de'_Medici,male,0,1,9,7,3,1
Piero_the_Unfortunate,male,0,1,9,7,4,1
Polyxena_of_Hesse-Rotenburg,female,0,0,3,3,2,1
Pope,male,0,0,3,5,0,0
Poppa_of_Bayeux,female,0,0,4,4,1,0
"Prince_Philippe,_Count_of_Paris",male,6,3,10,17,9,1
Princess_Augusta_of_Saxe-Gotha,female,9,0,8,15,3,1
Princess_Caroline_Louise_of_Saxe-Weimar-Eisenach,female,1,0,8,7,3,1
Princess_Christine_Louise_of_Oettingen-Oettingen,female,3,0,5,8,2,1
Princess_Elisabeth_Albertine_of_Saxe-Hildburghausen,female,6,0,8,12,2,1
Princess_Magdalena_Augusta_of_Anhalt-Zerbst,female,6,0,8,12,2,1
Radbot_of_Klettgau,male,0,0,4,4,1,0
"Ramon_Berenguer_I,_Count_of_Barcelona",male,0,1,7,5,3,1
"Ramon_Berenguer_II,_Count_of_Barcelona",male,0,0,7,6,2,1
"Ramon_Berenguer_III,_Count_of_Barcelona",male,0,1,9,8,4,1
"Ramon_Berenguer_IV,_Count_of_Barcelona",male,0,1,9,7,3,1
"Ramon_Berenguer_IV,_Count_of_Provence",male,4,2,10,10,6,1
"Ramon_Borrell,_Count_of_Barcelona",male,0,0,7,6,2,1
Ranulf_II_of_Aquitaine,male,0,0,2,2,1,0
Raymond_of_Burgundy,male,2,1,8,9,4,1
"Reginald_I,_Count_of_Burgundy",male,0,0,7,6,2,1
"Reginar_II,_Count_of_Hainaut",male,0,0,5,4,1,0
"Reginar_III,_Count_of_Hainaut",male,0,0,6,5,1,0
Reginar_Longneck,male,0,0,3,3,1,0
"Richard,_Duke_of_Burgundy",male,0,0,6,5,2,1
"Richard_Fitzalan,_3rd_Earl_of_Arundel",male,0,0,3,3,3,1
"Richard_Woodville,_1st_Earl_Rivers",male,0,0,3,3,2,1
Richardis,female,0,0,4,4,1,1
Richende_De_Bourges,female,0,0,2,2,1,0
"Richeza_of_Poland,_Queen_of_Sweden",female,2,0,7,9,5,1
"Richilde,_Countess_of_Hainaut",female,0,0,3,3,2,1
Rixa_of_Werle,female,0,0,3,3,3,1
"Robert,_Count_of_Clermont",male,3,0,8,9,4,1
"Robert,_Duke_of_Bar",male,0,0,3,3,2,1
"Robert_I,_Count_of_Artois",male,0,0,2,2,3,0
"Robert_I,_Count_of_Dreux",male,0,0,7,6,3,0
"Robert_I,_Duke_of_Burgundy",male,3,1,10,12,7,1
"Robert_II,_Count_of_Artois",male,0,0,4,4,2,1
"Robert_II,_Count_of_Dreux",male,5,2,9,11,4,0
"Robert_II,_Count_of_Hesbaye",male,0,0,2,2,1,0
"Robert_II,_Duke_of_Burgundy",male,6,1,10,12,6,1
"Robert_III,_Count_of_Dreux",male,0,1,3,3,2,0
Robert_III_of_Scotland,male,2,1,10,8,3,1
Robert_III_of_Worms,male,0,0,6,5,2,1
Robert_II_of_France,male,5,1,10,13,8,1
Robert_II_of_Scotland,male,7,1,10,15,4,1
Robert_I_of_France,male,2,1,10,11,6,1
"Robert_of_Courtenay,_Lord_of_Champignelles",male,0,0,2,2,1,0
Robert_the_Strong,male,0,0,6,5,3,1
Rollo,male,0,0,2,2,1,0
Rotrude_of_Hesbaye,female,0,0,4,4,2,1
Rozala_of_Italy,female,1,0,8,8,5,1
"Rudolf_II,_Count_of_Habsburg",male,0,0,5,4,1,0
Rudolf_I_of_Germany,male,7,0,8,14,6,1
"Rudolph,_Duke_of_Lorraine",male,1,0,8,7,3,1
Rudolph_II_of_Burgundy,male,2,2,10,10,5,1
Rudolph_I_of_Burgundy,male,2,0,9,8,3,1
Rudolph_of_France,male,0,1,9,8,3,1
"Rupert,_King_of_the_Romans",male,0,0,3,3,2,1
Rurik,male,1,0,5,5,2,0
Saint_Margaret_of_Scotland,female,7,0,7,12,3,1
Salomea_of_Berg,female,7,0,6,11,1,0
"Sancha_of_Castile,_Queen_of_Aragon",female,0,0,3,3,4,1
Sancho_Alfonso,male,0,0,3,3,3,1
Sancho_III_of_Castile,male,1,1,10,7,3,1
Sancho_IV_of_Castile,male,6,1,10,13,3,1
Sancho_I_of_Portugal,male,9,1,10,15,3,1
Sibylla_of_Anjou,female,5,0,8,11,3,1
"Sibylla_of_Burgundy,_Duchess_of_Burgundy",female,0,0,3,3,2,1
"Sigismund,_Holy_Roman_Emperor",male,0,0,4,4,3,1
"Simon,_Count_of_Ponthieu",male,0,0,4,4,2,1
"Simon_I,_Duke_of_Lorraine",male,2,1,10,8,3,1
Simon_I_de_Montfort,male,0,1,7,5,3,0
Sophia_Dorothea_of_Celle,female,0,0,3,3,2,1
Sophia_Eleonore_of_Saxony,female,5,0,7,10,2,1
Sophia_of_Brandenburg,female,0,0,3,3,3,1
Sophia_of_Hanover,female,0,0,3,3,2,1
Sophia_of_Holstein-Gottorp,female,0,0,3,3,2,1
Sophia_of_Minsk,female,5,0,8,12,4,1
"Sophia_of_Saxe-Weissenfels,_Princess_of_Anhalt-Zerbst",female,0,0,7,6,3,1
"Stephen,_Count_of_Blois",male,0,0,6,5,2,1
"Stephen_I,_Count_of_Burgundy",male,0,0,5,4,1,0
"Stephen_II,_Duke_of_Bavaria",male,3,0,8,9,4,1
"Stephen_III,_Duke_of_Bavaria",male,0,0,7,7,4,1
Stephen_III_of_Auxonne,male,0,0,5,4,1,0
Stephen_II_of_Auxonne,male,0,0,5,4,1,0
Stephen_V_of_Hungary,male,0,0,3,3,2,1
"Sunifred,_Count_of_Barcelona",male,0,0,2,2,1,0
"Sunyer,_Count_of_Barcelona",male,0,0,5,4,1,0
Sviatoslav_I,male,4,1,9,9,5,1
Taddea_Visconti,female,0,0,6,6,2,1
"Theobald_I,_Count_of_Blois",male,0,0,7,6,2,1
"Theobald_II,_Count_of_Champagne",male,0,0,7,6,3,1
"Theobald_II,_Duke_of_Lorraine",male,1,1,7,6,2,0
"Theobald_III,_Count_of_Blois",male,0,0,7,7,3,1
"Theobald_III,_Count_of_Champagne",male,0,0,7,6,2,1
Theobald_I_of_Navarre,male,4,1,10,14,8,1
Theobald_of_Arles,male,0,0,2,2,1,0
Theobald_the_Elder,male,0,0,3,3,1,0
"Theodoric_II,_Duke_of_Lorraine",male,2,1,9,8,4,1
"Theresa,_Countess_of_Portugal",female,0,0,4,4,2,1
"Thierry,_Count_of_Flanders",male,0,0,3,3,3,1
"Thomas,_Count_of_Savoy",male,0,0,3,3,2,1
"Thomas_Holland,_2nd_Earl_of_Kent",male,0,0,3,3,2,1
"Urraca_of_Castile,_Queen_of_Portugal",female,0,0,3,3,4,1
Urraca_of_Portugal,female,0,0,3,3,3,1
Valdemar_I_of_Denmark,male,5,1,9,13,4,1
"Victor_Amadeus_I,_Duke_of_Savoy",male,6,1,10,12,4,1
Victor_Amadeus_III_of_Sardinia,male,9,1,10,15,5,1
Victor_Amadeus_II_of_Sardinia,male,6,3,10,16,8,1
Victor_Emmanuel_I_of_Sardinia,male,0,0,3,3,4,1
Violant_of_Aragon,female,0,0,3,3,4,1
Violant_of_Bar,female,1,0,7,7,4,1
Violant_of_Hungary,female,5,0,8,11,3,1
Viridis_Visconti,female,0,0,3,3,2,1
Vladimir_the_Great,male,7,2,9,17,7,1
Vladislaus_II_of_Hungary,male,0,0,3,3,3,1
"Volodar_Glebovich,_Prince_of_Minsk",male,0,0,3,3,2,1
Waldrada_of_Worms,female,0,0,3,3,3,1
Walter_(archbishop_of_Sens),male,0,0,2,2,0,0
"Walter_I,_Lord_of_Avesnes",male,0,0,2,2,1,0
"Walter_Stewart,_6th_High_Steward_of_Scotland",male,0,0,6,5,2,1
Welf_(father_of_Judith),male,0,0,4,4,3,1
"Welf_I,_Duke_of_Bavaria",male,0,0,7,7,3,1
Wenceslaus_II_of_Bohemia,male,0,0,3,3,2,1
"Werner_I,_Count_of_Klettgau",male,0,0,5,4,1,0
"Werner_II,_Count_of_Habsburg",male,0,0,5,4,1,0
Wierzchoslawa_Ludmilla_of_Greater_Poland,female,0,0,3,3,2,1
Wilfred_the_Hairy,male,0,1,6,5,2,0
Wilhelmine_Amalie_of_Brunswick,female,3,0,7,7,3,1
Willa_of_Burgundy,female,1,1,9,8,4,1
Willa_of_Tuscany,female,4,2,10,13,6,1
"William_I,_Count_of_Burgundy",male,0,0,6,5,3,0
"William_I,_Count_of_Hainaut",male,0,0,7,6,2,1
"William_III,_Duke_of_Aquitaine",male,0,0,6,5,3,1
"William_IV,_Count_of_Ponthieu",male,0,0,3,3,2,1
"William_IV,_Duke_of_Aquitaine",male,0,0,7,6,2,1
"William_IX,_Duke_of_Aquitaine",male,0,0,7,7,3,1
William_I_of_Geneva,male,0,0,2,2,1,0
William_I_of_Provence,male,0,0,2,2,1,0
"William_V,_Duke_of_Aquitaine",male,0,0,7,6,2,1
"William_VIII,_Duke_of_Aquitaine",male,0,0,7,6,2,1
"William_Willoughby,_11th_Baron_Willoughby_de_Eresby",male,0,0,2,2,0,0
"William_X,_Duke_of_Aquitaine",male,0,0,8,8,3,1
"William_XII,_Count_of_Auvergne",male,0,0,3,3,1,0
"William_de_Beauchamp,_9th_Earl_of_Warwick",male,0,0,3,3,2,1
"William_of_Winchester,_Lord_of_Lunenburg",male,0,0,7,6,3,1
Wulfhilde_of_Saxony,female,0,0,3,3,2,1
Yaroslav_the_Wise,male,10,1,9,18,5,1
"Yolanda,_Latin_Empress",female,8,1,10,14,3,1
Yolanda_of_Courtenay,female,1,0,7,6,3,1
"Yolande,_Duchess_of_Lorraine",female,0,0,3,3,5,1
Yolande_of_Aragon,female,4,0,8,10,4,1
"Yolande_of_Dreux,_Duchess_of_Burgundy",female,0,0,6,5,3,1
"Yolande_of_Dreux,_Queen_of_Scotland",female,0,0,3,3,2,1
James_VI_and_I,,0,1,2,2,2,0
"James_of_Castile,_Lord_of_Cameros",,0,0,1,1,1,0
Jasper_Tudor,,0,0,1,1,1,0
"Jean,_Cardinal_of_Lorraine",,0,0,1,1,1,0
"Jean_Gordon,_Countess_of_Bothwell",,0,0,2,2,3,1
Jean_de_Dunois,,0,0,1,1,1,0
Jean_de_Montagu,,0,0,1,1,1,0
Jeanne_de_Laval,,0,0,2,2,2,1
Jehan_de_Braine,,0,0,1,1,1,0
"Joan,_Lady_of_Wales",,0,0,1,1,1,0
"Joan_Beaufort,_Countess_of_Westmorland",,0,0,1,1,1,0
"Joan_Holland,_Duchess_of_Brittany",,0,0,2,2,1,1
"Joan_Stewart,_Countess_of_Morton",,0,0,1,1,1,0
Joan_of_Acre,,0,0,1,1,2,0
"Joan_of_Brittany,_Baroness_of_Drayton",,0,0,1,1,1,0
"Joan_of_England,_Queen_of_Scotland",,0,0,1,1,1,0
"Joan_of_England,_Queen_of_Sicily",,0,0,1,1,2,0
"Joan_of_France,_Duchess_of_Bourbon",,0,1,2,2,3,0
"Joan_of_France,_Duchess_of_Brittany",,0,0,1,1,1,0
Joan_of_Portugal,,0,0,1,1,2,0
"Joan_of_Valois,_Countess_of_Beaumont",,0,0,1,1,1,0
"Joan_of_Valois,_Queen_of_Navarre",,0,0,1,1,2,0
Joan_of_the_Tower,,0,0,1,1,2,0
Joanna_II_of_Naples,,0,0,2,2,1,0
Joanna_Sophia_of_Bavaria,,0,0,1,1,1,0
"Joanna_of_Aragon,_Queen_of_Naples",,0,0,1,1,1,0
"Joanna_of_Austria,_Princess_of_Portugal",,0,0,1,1,1,0
Joanna_of_Bavaria,,0,0,1,1,1,0
Joanna_of_Hainaut,,0,0,1,1,1,0
"Johann_Adolf_I,_Duke_of_Saxe-Weissenfels",,0,0,1,1,1,0
Johann_Adolf_of_Saxe-Gotha-Altenburg,,0,0,1,1,1,0
"Johann_Wilhelm,_Elector_Palatine",,0,0,1,1,1,0
"John,_Count_Palatine_of_Neumarkt",,0,0,1,1,1,0
"John,_Count_of_Soissons_and_Enghien",,0,0,1,1,1,0
"John,_Duke_of_Berry",,0,0,1,1,2,0
"John,_Duke_of_Durazzo",,0,0,1,1,1,0
"John,_Duke_of_Touraine",,0,0,1,1,1,0
"John,_Duke_of_Valencia_de_Campos",,0,0,1,1,1,0
"John,_Hereditary_Prince_of_Saxony",,0,0,1,1,1,0
"John,_Prince_of_Asturias",,0,0,1,1,2,0
"John_Albert_I,_Duke_of_Mecklenburg",,0,0,1,1,1,0
"John_FitzAlan,_1st_Baron_Arundel",,0,0,1,1,1,0
John_Fitzgeoffrey,,0,0,1,1,1,0
"John_Gordon,_Lord_Gordon",,0,0,1,1,1,0
"John_Henry,_Margrave_of_Moravia",,0,0,1,1,2,0
"John_I,_Count_of_Aumale",,0,1,2,2,1,0
"John_I,_Duke_of_Cleves",,0,0,1,1,1,0
"John_II,_Duke_of_Bavaria",,0,0,1,1,1,0
"John_II,_Duke_of_Bourbon",,0,0,2,2,2,1
"John_II,_Duke_of_Lorraine",,0,1,2,2,2,0
"John_III,_Burgrave_of_Nuremberg",,0,0,1,1,1,0
"John_III,_Duke_of_Bavaria",,0,0,1,1,1,0
"John_III,_Duke_of_Brittany",,0,1,3,3,2,0
John_III_of_Portugal,,0,0,1,1,1,0
John_II_of_Cyprus,,0,0,1,1,1,0
"John_IV,_Marquis_of_Montferrat",,0,0,2,2,1,1
John_IV_of_Portugal,,0,1,2,2,1,0
John_I_Albert,,0,0,1,1,1,0
John_Joseph_of_Austria,,0,0,1,1,1,0
"John_Stewart,_3rd_Lord_of_Aubigny",,0,1,2,2,1,0
"John_Stewart,_Earl_of_Mar_(died_1479)",,0,0,1,1,1,0
"John_Stewart,_Earl_of_Mar_(died_1503)",,0,0,1,1,1,0
"John_Tristan,_Count_of_Valois",,0,0,1,1,2,0
"John_V,_Duke_of_Brittany",,0,1,2,2,1,0
John_Woodville,,0,0,1,1,1,0
"John_de_Beaumont,_2nd_Baron_Beaumont",,0,0,2,2,1,1
John_of_Bar,,0,0,1,1,1,0
"John_of_Brittany,_Earl_of_Richmond",,0,0,1,1,2,0
"John_of_Castile,_Lord_of_Valencia_de_Campos",,0,0,1,1,1,0
John_of_Charolais,,0,0,1,1,1,0
"John_of_Eltham,_Earl_of_Cornwall",,0,0,1,1,2,0
"John_of_Foix,_Viscount_of_Narbonne",,0,0,1,1,1,0
"John_of_Lancaster,_1st_Duke_of_Bedford",,0,0,2,2,1,1
Joseph_Bonaparte,,0,0,1,1,1,0
"Joseph_II,_Holy_Roman_Emperor",,0,2,3,4,3,0
Judith_of_Poland,,0,0,1,1,1,0
Katherine_of_Bavaria,,0,0,1,1,1,0
Katherine_of_England,,0,0,1,1,2,0
Kingdom_of_Navarre,,0,0,2,2,2,1
Ladislaus_IV_of_Hungary,,0,0,1,1,1,0
Ladislaus_of_Naples,,0,0,2,2,1,0
Ladislaus_the_Posthumous,,0,0,2,2,2,0
"Lanzelin,_Count_of_Habsburg",,0,0,1,1,1,0
"Leopold,_Prince_of_Salerno",,0,0,1,1,2,0
"Leopold_I,_Duke_of_Austria",,0,0,1,1,1,0
"Leopold_V,_Archduke_of_Austria",,0,0,1,1,1,0
Lionel_Woodville,,0,0,1,1,1,0
Liutgard_of_Saxony_(died_885),,0,1,2,2,1,0
Lixheim,,0,0,1,1,1,0
Lothair_I,,0,1,2,2,2,0
Lothair_the_Lame,,0,0,1,1,1,0
"Louis,_Count_of_Vermandois",,0,0,1,1,1,0
"Louis,_Duke_of_Durazzo",,0,0,1,1,2,0
"Louis,_Duke_of_Guyenne",,0,0,1,1,1,0
"Louis,_Hereditary_Prince_of_Lorraine",,0,0,1,1,1,0
"Louis_Alexandre,_Count_of_Toulouse",,0,0,1,1,1,0
"Louis_Alexandre,_Prince_of_Lamballe",,0,0,1,1,1,0
"Louis_Auguste,_Duke_of_Maine",,0,0,1,1,1,0
"Louis_Charles,_Count_of_Beaujolais",,0,0,1,1,2,0
Louis_Henri_de_Pardaillan_de_Gondrin,,0,0,2,2,2,1
"Louis_I,_Cardinal_of_Guise",,0,0,1,1,1,0
"Louis_I,_Duke_of_Bar",,0,0,1,1,1,0
"Louis_I,_Grand_Duke_of_Hesse",,0,0,1,1,1,0
"Louis_II,_Duke_of_Bourbon",,0,0,1,1,1,0
"Louis_II,_Elector_of_Brandenburg",,0,0,1,1,1,0
"Louis_III,_Elector_Palatine",,0,0,1,1,1,0
"Louis_III,_Landgrave_of_Thuringia",,0,0,2,2,1,1
Louis_III_of_Anjou,,0,1,3,3,3,0
Louis_II_of_Hungary,,0,0,2,2,2,0
Louis_II_of_Italy,,0,0,2,2,1,0
"Louis_IV,_Landgrave_of_Hesse-Marburg",,0,0,1,1,1,0
Louis_I_of_Spain,,0,1,3,2,1,0
"Louis_Joseph,_Dauphin_of_France",,0,0,1,1,2,0
"Louis_Marie,_Duke_of_Rambouillet",,0,0,1,1,1,0
"Louis_V,_Duke_of_Bavaria",,0,0,1,1,2,0
"Louis_VI,_Landgrave_of_Hesse-Darmstadt",,0,0,1,1,1,0
Louis_of_Burgundy,,0,0,1,1,2,0
Louis_of_Cyprus,,0,0,1,1,2,0
Louis_of_Toulouse,,0,0,1,1,1,0
Louis_of_Valois,,0,0,1,1,2,0
Louis_the_Younger,,0,1,2,2,2,0
"Louise_Diane,_Princess_of_Conti",,0,0,1,1,2,0
Louise_Marie_Anne_de_Bourbon,,0,0,1,1,1,0
Louise_de_Maisonblanche,,0,0,1,1,1,0
Louise_of_Great_Britain,,0,0,1,1,1,0
Lucia_Migliaccio,,0,0,2,2,1,1
Lucia_da_Torsano,,0,0,1,1,1,0
Lucien_Bonaparte,,0,0,1,1,1,0
Lucienne_of_Rochefort,,0,0,2,2,1,1
"Lucrezia_de'_Medici,_Duchess_of_Ferrara",,0,0,1,1,1,0
Ludovico_Sforza,,0,0,2,2,1,0
Luisa_Carlotta_of_the_Two_Sicilies,,0,0,1,1,1,0
Luisa_of_Naples_and_Sicily,,0,0,1,1,2,0
Luise_Marie_of_the_Palatinate,,0,0,1,1,1,0
Madame_de_Montesson,,0,0,2,2,2,1
Madeleine_of_Valois,,0,0,2,2,3,1
Mafalda_of_Portugal,,0,0,1,1,1,0
Magdalena_Sibylla_of_Saxe-Weissenfels,,0,0,1,1,1,0
Magdalena_of_Saxony,,0,0,1,1,1,0
Magdalena_of_Valois,,0,0,1,1,2,0
Magnus_the_Strong,,0,0,2,2,1,1
Malusha,,0,0,2,2,2,1
Manuel_of_Castile,,0,0,1,1,1,0
March_of_Friuli,,0,0,1,1,1,0
"Margaret,_Marchioness_of_Namur",,0,0,1,1,1,0
"Margaret_I,_Countess_of_Burgundy",,0,0,1,1,2,0
"Margaret_II,_Countess_of_Hainaut",,0,0,2,2,2,1
Margaret_Lyle,,0,0,2,2,1,1
"Margaret_Stewart,_Lady_Gordon",,0,0,1,1,1,0
Margaret_Stewart_(born_c._1455),,0,0,1,1,1,0
Margaret_Theresa_of_Spain,,0,0,1,1,1,0
Margaret_ferch_Dafydd,,0,0,1,1,1,0
"Margaret_of_Austria,_Duchess_of_Savoy",,0,0,1,1,1,0
"Margaret_of_Bohemia,_Duchess_of_Bavaria",,0,0,1,1,2,0
"Margaret_of_Bohemia,_Duchess_of_Wroclaw",,0,0,1,1,1,0
"Margaret_of_Bourbon,_Lady_of_Albret",,0,0,1,1,1,0
Margaret_of_Brittany,,0,0,2,2,1,1
"Margaret_of_Burgundy,_Countess_of_Savoy",,0,0,1,1,1,0
"Margaret_of_Cleves,_Duchess_of_Bavaria-Munich",,0,0,1,1,1,0
Margaret_of_England,,0,0,1,1,2,0
"Margaret_of_England,_Duchess_of_Brabant",,0,0,1,1,2,0
"Margaret_of_France,_Duchess_of_Brabant",,0,0,1,1,2,0
"Margaret_of_France,_Queen_of_England",,0,0,2,2,3,1
"Margaret_of_France,_Queen_of_England_and_Hungary",,0,0,1,1,2,0
Margaret_of_Hohenzollern-Nuremberg,,0,0,1,1,1,0
Margaret_of_Nevers,,0,0,1,1,2,0
"Margaret_of_Savoy,_Vicereine_of_Portugal",,0,0,1,1,1,0
"Margaret_of_Valois,_Countess_of_Blois",,0,0,1,1,2,0
Marged_ferch_Tomos,,0,0,1,1,1,0
Marguerite_of_Lorraine,,0,0,1,1,1,0
"Maria_Amalia,_Duchess_of_Parma",,0,0,1,1,2,0
"Maria_Amalia,_Holy_Roman_Empress",,0,0,1,1,1,0
Maria_Anna_Sophia_of_Saxony,,0,0,1,1,1,0
Maria_Anna_of_Naples_and_Sicily,,0,0,1,1,2,0
Maria_Anna_of_Neuburg,,0,0,1,1,1,0
Maria_Anna_of_Savoy,,0,0,1,1,1,0
"Maria_Anna_of_Savoy,_Duchess_of_Chablais",,0,0,1,1,2,0
Maria_Anna_of_Spain,,0,0,1,1,2,0
"Maria_Christina,_Duchess_of_Teschen",,0,0,1,1,2,0
"Maria_Christina,_Princess_of_Transylvania",,0,0,1,1,1,0
Maria_Clotilde_of_Naples_and_Sicily,,0,0,1,1,2,0
Maria_Cristina_of_Naples_and_Sicily,,0,0,1,1,2,0
Maria_Cristina_of_Savoy,,0,0,1,1,1,0
Maria_Dobroniega_of_Kiev,,0,0,1,1,1,0
Maria_Elisabetta_Carlotta_of_Savoy,,0,0,1,1,1,0
Maria_Henrietta_of_Naples_and_Sicily,,0,0,1,1,2,0
Maria_Kunigunde_of_Saxony,,0,0,1,1,1,0
Maria_Leopoldina_of_Austria,,0,0,1,1,2,0
Maria_Ludovika_of_Austria-Este,,0,0,1,1,2,0
Maria_Luisa_Gabriella_of_Savoy,,0,0,2,2,3,1
"Maria_Manuela,_Princess_of_Portugal",,0,0,2,2,1,1
Maria_Sophia_of_Neuburg,,0,0,1,1,1,0
Maria_Teresa_Rafaela_of_Spain,,0,0,2,2,2,1
Maria_Vittoria_of_Savoy,,0,0,1,1,1,0
"Maria_of_Aragon,_Queen_of_Castile",,0,0,1,1,2,0
"Maria_of_Brabant,_Duchess_of_Bavaria",,0,0,2,2,1,1
Maria_of_Courtenay,,0,0,1,1,1,0
Maria_of_Naples,,0,0,1,1,1,0
Maria_of_Navarre,,0,0,1,1,2,0
"Maria_of_Portugal,_Duchess_of_Viseu",,0,0,1,1,1,0
"Maria_of_Portugal,_Marchioness_of_Tortosa",,0,0,1,1,1,0
"Maria_of_Portugal,_Queen_of_Castile",,0,0,2,2,2,1
Maria_of_Portugal_(nun),,0,0,1,1,1,0
Mariana_Victoria_of_Spain,,0,0,1,1,1,0
Mariana_of_Austria,,0,0,2,2,1,1
"Marie,_Duchess_of_Auvergne",,0,0,2,2,1,0
"Marie,_Viscountess_of_Limoges",,0,0,2,2,1,1
Marie_Anne_de_Bourbon,,0,0,1,1,1,0
Marie_Elisabeth_of_France,,0,0,1,1,2,0
Marie_Hedwig_of_Hesse-Darmstadt,,0,0,1,1,1,0
"Marie_de_Bourbon,_Princess_of_Achaea",,0,0,1,1,1,0
Marie_de_Valois,,0,0,1,1,1,0
Marie_of_Baden-Sponheim,,0,0,2,2,1,0
"Marie_of_Brittany,_Lady_of_La_Guerche",,0,0,1,1,1,0
"Marie_of_France,_Duchess_of_Brabant",,0,0,2,2,3,1
"Marie_of_Prussia,_Margravine_of_Brandenburg-Bayreuth",,0,0,1,1,1,0
"Marie_of_Savoy,_Countess_of_Saint-Pol",,0,0,1,1,2,0
"Marie_of_Valois,_Duchess_of_Calabria",,0,0,1,1,1,0
"Marie_of_Valois,_Prioress_of_Poissy",,0,0,1,1,1,0
Marozia,,0,0,2,2,1,0
Martim_Afonso_Chichorro,,0,0,1,1,1,0
Martin_of_Aragon,,0,0,2,2,1,0
"Mary,_Princess_Royal_and_Princess_of_Orange",,0,0,1,1,1,0
Mary_I_of_England,,0,0,3,2,1,1
"Mary_Stewart,_Countess_of_Arran",,0,0,1,1,1,0
"Mary_Stewart,_Countess_of_Buchan",,0,0,1,1,1,0
Mary_Woodville,,0,0,1,1,1,0
Mary_of_Hungary_(governor_of_the_Netherlands),,0,0,1,1,2,0
"Mary_of_Scotland,_Countess_of_Boulogne",,0,0,1,1,1,0
Mary_of_Waltham,,0,0,2,2,1,1
Mary_of_Woodstock,,0,0,1,1,2,0
"Matilda_II,_Countess_of_Boulogne",,0,0,2,2,1,1
Matilda_of_Anjou,,0,0,1,1,1,0
Matilda_of_Flanders,,0,0,1,1,1,0
10),,0,0,1,1,1,0
"Matthew,_Count_of_Boulogne",,0,0,1,1,1,0
Matthew_I_of_Montmorency,,0,0,2,2,1,1
"Matthias,_Holy_Roman_Emperor",,0,0,1,1,2,0
Maud_of_Normandy,,0,0,2,2,1,1
"Maximilian_III,_Archduke_of_Austria",,0,0,1,1,2,0
Maximilian_Sforza,,0,1,2,2,1,0
Maximiliana_Maria_of_Bavaria,,0,0,1,1,1,0
"Melisende,_Queen_of_Jerusalem",,0,0,2,2,1,1
Michelle_of_Valois,,0,0,2,2,2,1
Mieszko_III_the_Old,,0,0,1,1,1,0
Mstislav_of_Chernigov,,0,0,1,1,1,0
Natalia_Alexeievna_(Wilhelmina_Louisa_of_Hesse-Darmstadt),,0,0,1,1,1,0
Nicolaus_of_Luxemburg,,0,0,1,1,1,0
Nuno_Mendes_(count),,0,0,2,2,1,0
"Odo,_Count_of_Nevers",,0,0,1,1,1,0
Oleg_of_Drelinia,,0,0,1,1,1,0
Oleg_of_Novgorod,,0,1,3,3,2,0
Olga_of_Kiev,,0,1,4,3,2,1
"Otto,_Duke_of_Austria",,0,0,1,1,1,0
"Otto,_Duke_of_Burgundy",,0,0,1,1,1,0
"Otto_I,_Count_Palatine_of_Mosbach",,0,0,1,1,1,0
"Otto_I,_Holy_Roman_Emperor",,0,2,2,3,2,0
"Otto_II,_Count_of_Chiny",,0,0,2,2,1,1
"Otto_III,_Duke_of_Bavaria",,0,0,1,1,1,0
"Otto_IV,_Holy_Roman_Emperor",,0,0,1,1,1,0
"Otto_V,_Duke_of_Bavaria",,0,0,1,1,1,0
Patrick_Gordon_of_Auchindoun,,0,0,1,1,2,0
Paul_Scarron,,0,0,2,2,2,1
Pauline_Bonaparte,,0,0,1,1,1,0
Pepin_I_of_Aquitaine,,0,1,2,2,2,0
Pepin_of_Italy,,0,0,1,1,1,0
Pepin_the_Hunchback,,0,0,1,1,1,0
"Peter,_Duke_of_Coimbra",,0,0,1,1,1,0
"Peter_I,_Count_of_Urgell",,0,0,1,1,1,0
"Peter_II,_Count_of_La_Marche",,0,0,1,1,1,0
"Peter_II,_Count_of_Savoy",,0,0,2,2,1,0
"Peter_II,_Duke_of_Bourbon",,0,0,1,1,1,0
Peter_III_of_Aragon,,0,1,2,2,2,0
Peter_I_of_Courtenay,,0,0,1,1,2,0
Peter_Tempesta,,0,0,1,1,1,0
"Peter_of_Aragon,_Count_of_Alburquerque",,0,0,1,1,2,0
Peter_of_Castile,,0,1,3,3,2,0
"Peter_of_Castile,_Lord_of_Cameros",,0,0,1,1,1,0
"Peter_of_Castile,_Lord_of_Ledesma",,0,0,1,1,1,0
"Philibert_II,_Duke_of_Savoy",,0,1,3,3,3,0
"Philip,_Count_of_Longueville",,0,0,1,1,2,0
"Philip,_Count_of_Vertus",,0,0,1,1,1,0
"Philip,_Duke_of_Nemours",,0,0,1,1,1,0
"Philip_I,_Count_of_Auvergne",,0,0,2,2,3,1
"Philip_I,_Count_of_Boulogne",,0,0,1,1,2,0
"Philip_I,_Count_of_Flanders",,0,0,1,1,1,0
"Philip_I,_Duke_of_Burgundy",,0,3,2,4,3,0
"Philip_I,_Prince_of_Taranto",,0,0,1,1,1,0
"Philip_II,_Landgrave_of_Hesse-Rheinfels",,0,0,1,1,1,0
"Philip_II,_Marquis_of_Namur",,0,0,1,1,1,0
"Philip_Prospero,_Prince_of_Asturias",,0,0,1,1,1,0
"Philip_William_August,_Count_Palatine_of_Neuburg",,0,0,1,1,1,0
Philip_de'_Medici,,0,0,1,1,2,0
Philip_of_Castile,,0,0,1,1,1,0
"Philip_of_Castile,_Lord_of_Cabrera_and_Ribera",,0,0,1,1,1,0
"Philip_of_France,_Archdeacon_of_Paris",,0,0,1,1,2,0
Philippa_of_Bar,,0,0,2,2,1,1
Philippa_of_Dreux,,0,0,1,1,1,0
"Philippe,_Duke_of_Anjou",,0,0,1,1,1,0
"Philippe_Charles,_Duke_of_Anjou",,0,0,1,1,2,0
"Philippe_Charles,_Duke_of_Valois",,0,0,1,1,2,0
"Pierre_de_Foix,_le_jeune",,0,0,1,1,1,0
Pietro_de'_Medici,,0,0,1,1,1,0
Plectrude,,0,0,2,2,1,1
Polissena_Ruffo,,0,0,2,2,1,1
Pope_Clement_VII,,0,1,2,2,1,0
Portrait_of_Bia_de'_Medici,,0,0,1,1,1,0
"Prince_Adolphus,_Duke_of_Cambridge",,0,0,1,1,2,0
Prince_Alberto_of_Naples_and_Sicily,,0,0,1,1,2,0
Prince_Alfred_of_Great_Britain,,0,0,1,1,2,0
"Prince_Antonio,_Count_of_Lecce",,0,0,1,1,1,0
"Prince_Augustus_Frederick,_Duke_of_Sussex",,0,0,1,1,2,0
"Prince_Benedetto,_Duke_of_Chablais",,0,0,1,1,1,0
"Prince_Carlo_Francesco,_Duke_of_Aosta",,0,0,1,1,1,0
Prince_Charles_Alexander_of_Lorraine,,0,0,1,1,1,0
Prince_Christian_of_Hesse-Darmstadt,,0,0,1,1,1,0
"Prince_Edward,_Duke_of_Kent_and_Strathearn",,0,0,1,1,2,0
"Prince_Edward,_Duke_of_York_and_Albany",,0,0,1,1,2,0
"Prince_Ferdinand,_Duke_of_Montpensier",,0,1,2,2,3,0
"Prince_Francis,_Count_of_Trapani",,0,0,1,1,1,0
Prince_Francis_Xavier_of_Saxony,,0,0,1,1,1,0
"Prince_Frederick,_Duke_of_York_and_Albany",,0,0,1,1,2,0
Prince_Frederick_of_Great_Britain,,0,0,1,1,2,0
Prince_Gennaro_of_Naples_and_Sicily,,0,0,1,1,2,0
Prince_George_William_of_Great_Britain,,0,0,1,1,1,0
"Prince_Giuseppe,_Count_of_Asti",,0,0,1,1,2,0
Prince_Giuseppe_of_Naples_and_Sicily,,0,0,1,1,2,0
"Prince_Henry,_Duke_of_Cumberland_and_Strathearn",,0,0,1,1,2,0
Prince_Henry_the_Navigator,,0,0,1,1,1,0
Prince_John_August_of_Saxe-Gotha-Altenburg,,0,0,1,1,1,0
"Prince_Leopold,_Count_of_Syracuse",,0,0,1,1,1,0
"Prince_Louis,_Count_of_Aquila",,0,0,1,1,1,0
"Prince_Louis,_Duke_of_Nemours",,0,0,1,1,1,0
Prince_Maurice_of_Savoy,,0,0,1,1,1,0
"Prince_Maurizio,_Duke_of_Montferrat",,0,0,1,1,2,0
Prince_Octavius_of_Great_Britain,,0,0,1,1,2,0
"Prince_Robert,_Duke_of_Chartres",,0,0,1,1,2,0
"Prince_Vittorio_Amedeo_Teodoro,_Duke_of_Aosta",,0,0,1,1,1,0
"Prince_William,_Duke_of_Cumberland",,0,0,1,1,1,0
"Prince_William_Henry,_Duke_of_Gloucester_and_Edinburgh",,0,0,1,1,2,0
Prince_William_of_Saxe-Gotha-Altenburg,,0,0,1,1,1,0
Princess_Amalie_of_Hesse-Darmstadt,,0,0,1,1,1,0
Princess_Amelia_of_Great_Britain,,0,0,1,1,1,0
Princess_Amelia_of_the_United_Kingdom,,0,0,1,1,2,0
Princess_Anne_Charlotte_of_Lorraine,,0,0,1,1,1,0
Princess_Augusta_Sophia_of_the_United_Kingdom,,0,0,1,1,2,0
Princess_Augusta_of_Great_Britain,,0,0,1,1,2,0
Princess_Caroline_Elizabeth_of_Great_Britain,,0,0,1,1,1,0
Princess_Caroline_of_Hesse-Darmstadt,,0,0,1,1,1,0
Princess_Catherine_Beatrice_of_Savoy,,0,0,1,1,1,0
Princess_Eleonora_of_Savoy,,0,0,1,1,1,0
Princess_Elizabeth_of_Great_Britain,,0,0,1,1,2,0
Princess_Elizabeth_of_the_United_Kingdom,,0,0,1,1,2,0
Princess_Henriette_Adelaide_of_Savoy,,0,0,1,1,1,0
Princess_Isabella_of_Parma,,0,0,1,1,1,0
Princess_Louisa_of_Great_Britain,,0,0,1,1,2,0
Princess_Louise_d'Artois,,0,0,1,1,2,0
Princess_Luisa_Cristina_of_Savoy,,0,0,1,1,1,0
Princess_Margaret_Yolande_of_Savoy,,0,0,1,1,1,0
Princess_Maria_Antonia_of_Naples_and_Sicily,,0,0,1,1,2,0
Princess_Maria_Antonia_of_the_Two_Sicilies,,0,0,1,1,1,0
Princess_Maria_Carolina_of_Savoy,,0,0,1,1,2,0
Princess_Maria_Felicita_of_Savoy,,0,0,1,1,1,0
Princess_Maria_Fortunata_d'Este,,0,0,1,1,1,0
Princess_Maria_Isabella_of_Naples_and_Sicily,,0,0,1,1,2,0
Princess_Maria_Vittoria_Margherita_of_Savoy,,0,0,1,1,1,0
"Princess_Mary,_Duchess_of_Gloucester_and_Edinburgh",,0,0,1,1,2,0
Princess_Mary_of_Great_Britain,,0,0,1,1,1,0
Princess_Matilde_d'Este,,0,0,1,1,1,0
Princess_Sophia_of_the_United_Kingdom,,0,0,1,1,2,0
Radegonde_of_Valois,,0,0,1,1,2,0
Ragenfrid,,0,0,2,2,1,0
"Rainier,_Marquis_of_Montferrat",,0,0,2,2,1,1
Ralph_IV_of_Valois,,0,0,2,2,1,1
Raymond_Berengar_of_Andria,,0,0,1,1,1,0
Remigius_of_Rouen,,0,0,1,1,1,0
Renata_of_Lorraine,,0,1,2,2,2,0
Richard_FitzRoy,,0,0,1,1,1,0
"Richard_Fitzalan,_4th_Earl_of_Arundel",,0,0,1,1,1,0
Richard_III_of_England,,0,0,2,2,1,0
Richard_II_of_England,,0,1,3,4,3,0
Richard_I_of_England,,0,1,3,3,3,0
"Richard_Woodville,_3rd_Earl_Rivers",,0,0,1,1,1,0
Richard_of_Cornwall,,0,0,1,1,1,0
"Richard_of_Shrewsbury,_Duke_of_York",,0,0,1,1,1,0
Richeza_of_Denmark,,0,0,1,1,2,0
"Robert,_King_of_Naples",,0,0,1,1,1,0
"Robert_I,_Count_of_Flanders",,0,0,2,2,2,1
"Robert_I,_Latin_Emperor",,0,1,2,2,1,0
"Robert_Stewart,_1st_Earl_of_Orkney",,0,0,1,1,1,0
"Robert_Stewart,_Duke_of_Albany",,0,0,1,1,1,0
Rogneda_of_Polotsk,,0,0,2,2,2,1
Roman_Catholic_Archdiocese_of_Cambrai,,0,0,1,1,1,0
Rothilde,,0,0,1,1,1,0
"Rudolf_I,_Duke_of_Bavaria",,0,0,2,2,1,0
"Rudolf_II,_Duke_of_Austria",,0,0,1,1,2,0
"Rudolf_II,_Holy_Roman_Emperor",,0,1,2,2,2,0
"Rudolf_IV,_Duke_of_Austria",,0,1,3,3,2,0
Rudolf_I_of_Bohemia,,0,0,1,1,1,0
Rudolph_III_of_Burgundy,,0,1,2,2,2,0
Saint_Casimir,,0,0,1,1,1,0
"Sancha,_Lady_of_Alenquer",,0,0,1,1,1,0
"Sancha_of_Aragon,_Countess_of_Toulouse",,0,0,1,1,1,0
"Sancha_of_Castile,_Queen_of_Navarre",,0,0,1,1,1,0
Sancha_of_Portugal_(born_1264),,0,0,1,1,1,0
Sanchia_of_Provence,,0,0,1,1,2,0
"Sancho,_Count_of_Provence",,0,0,2,2,1,0
Sancho_II_of_Portugal,,0,1,3,3,2,0
Sancho_VII_of_Navarre,,0,0,2,2,1,0
Sancho_of_Castile_(bishop),,0,0,1,1,1,0
Schweinfurt,,0,0,1,1,1,0
Schwerin,,0,0,1,1,1,0
Sibylla_of_Burgundy,,0,0,1,1,1,0
Sigismund_II_Augustus,,0,0,2,2,1,0
Sigismund_I_the_Old,,0,0,1,1,1,0
"Simon_II,_Duke_of_Lorraine",,0,1,3,3,2,0
Sophia_Charlotte_of_Hanover,,0,0,1,1,1,0
Sophia_Dorothea_of_Hanover,,0,0,1,1,1,0
Sophia_Eleonore_of_Hesse-Darmstadt,,0,0,1,1,1,0
"Sophia_Jagiellon,_Margravine_of_Brandenburg-Ansbach",,0,0,1,1,1,0
Sophia_of_Istria,,0,0,2,2,1,1
Sophie_of_France_(1776-1783),,0,0,1,1,2,0
Sophie_of_France_(1786-1787),,0,0,1,1,2,0
"Sophie_of_Thuringia,_Duchess_of_Brabant",,0,0,2,2,1,1
Stephanie_Alfonso_of_Castile,,0,0,1,1,1,0
"Stephen,_King_of_England",,0,0,2,3,2,0
Sudislav,,0,0,1,1,1,0
Sverker_I_of_Sweden,,0,0,2,2,1,1
Sviatopolk_I_of_Kiev,,0,1,3,3,2,0
Sviatoslav_II_of_Kiev,,0,0,1,1,2,0
Sweyn_III_of_Denmark,,0,0,2,2,1,0
Tello_Alfonso,,0,0,1,1,1,0
Teresa_Cristina_of_the_Two_Sicilies,,0,0,1,1,1,0
Teresa_Gil_de_Vidaure,,0,0,2,2,1,1
Teutberga,,0,0,1,1,1,0
Thankmar,,0,0,1,1,1,0
"Theobald_I,_Duke_of_Lorraine",,0,1,3,3,2,0
Theobald_II_of_Navarre,,0,1,3,3,2,0
"Theresa_of_Portugal,_Countess_of_Flanders",,0,0,2,2,1,1
Theudoald,,0,1,3,3,2,0
"Thomas,_2nd_Earl_of_Lancaster",,0,0,1,1,1,0
Thomas_Arundel,,0,0,1,1,1,0
"Thomas_Beaufort,_Duke_of_Exeter",,0,0,1,1,1,0
"Thomas_Francis,_Prince_of_Carignano",,0,0,1,1,1,0
"Thomas_Grey,_1st_Marquess_of_Dorset",,0,0,1,1,1,0
Thomas_Stewart_(bishop_of_St_Andrews),,0,0,1,1,1,0
"Thomas_of_Brotherton,_1st_Earl_of_Norfolk",,0,0,1,1,1,0
"Thomas_of_Lancaster,_Duke_of_Clarence",,0,0,2,2,1,1
Tribal_chief,,0,0,1,1,1,0
Tudur_ap_Goronwy,,0,0,1,1,1,0
Urraca_Afonso,,0,0,1,1,1,0
"Urraca_of_Castile,_Queen_of_Navarre",,0,0,1,1,1,0
Valdemar_II_of_Denmark,,0,0,1,1,2,0
Verdun,,0,0,1,1,1,0
"Victor_Amadeus,_Prince_of_Piedmont",,0,0,1,1,2,0
"Vincent_de_Bourbon,_Count_of_Guingamp",,0,0,1,1,1,0
Violant_of_Castile,,0,0,1,1,1,0
Virginia_de'_Medici,,0,0,1,1,1,0
"Vittorio_Francesco,_Marquis_of_Susa",,0,0,1,1,1,0
Vladimir_of_Novgorod,,0,0,1,1,2,0
Vsevolod_I_of_Kiev,,0,0,1,1,2,0
Vyacheslav_Yaroslavich,,0,0,1,1,1,0
"Walter_Stewart,_3rd_High_Steward_of_Scotland",,0,0,2,2,1,0
"Walter_Stewart,_Earl_of_Atholl",,0,0,1,1,1,0
"Walter_Stewart,_Lord_of_Fife",,0,0,1,1,1,0
Welf_I,,0,0,1,1,1,0
"Wenceslaus_I,_Duke_of_Luxembourg",,0,0,1,1,1,0
Wenceslaus_III_of_Bohemia,,0,0,1,1,1,0
"William,_Duke_of_Austria",,0,1,2,2,1,0
William_Adelin,,0,0,1,1,1,0
"William_Albert,_1st_Prince_of_Montenuovo",,0,0,1,1,1,0
William_FitzEmpress,,0,0,1,1,2,0
"William_I,_Duke_of_Bavaria",,0,0,1,1,1,0
"William_II,_Count_of_Hainaut",,0,0,1,1,1,0
"William_II,_Duke_of_Bavaria",,0,0,1,1,1,0
William_IV,,0,0,1,1,2,0
"William_IV,_Landgrave_of_Hesse-Kassel",,0,0,1,1,1,0
"William_IX,_Count_of_Poitiers",,0,0,1,1,2,0
William_Longsword,,0,0,2,2,1,1
"William_V,_Duke_of_Bavaria",,0,0,1,1,1,0
Wulfoald,,0,0,2,2,1,0
Yaropolk_I_of_Kiev,,0,2,3,3,2,0
Yolande_of_Brittany,,0,0,1,1,1,0
Yolande_of_Valois,,0,0,1,1,2,0
1383?1385_Portuguese_interregnum,,0,0,1,1,0,0
"?thelgifu,_Abbess_of_Shaftesbury",,0,0,1,1,0,0
?lffl?d_(wife_of_Edward_the_Elder),,0,0,2,2,1,1
?lisabeth_Charlotte_d'Orl?ans,,0,0,2,2,1,1
?thelfl?d,,0,0,1,1,0,0
A?nor_de_Ch?tellerault,,0,0,2,2,1,1
Ad?la?de_d'Orl?ans,,0,0,1,1,0,0
Agnes_of_Austria_(1281?1364),,0,0,1,1,0,0
"Agust?n_Fernando_Mu?oz_y_S?nchez,_1st_Duke_of_Ri?nsares",,0,0,2,2,1,1
"Agust?n_Mar?a_Mu?oz_y_Borb?n,_1st_Duke_of_Taranc?n",,0,0,1,1,0,0
"Aimery_I,_Viscount_of_Ch?tellerault",,0,0,2,2,1,1
"Albert_I,_Duke_of_Brunswick-L?neburg",,0,0,1,1,0,0
"Albert_II,_Duke_of_Brunswick-L?neburg",,0,0,2,2,1,1
Alfonso_Fern?ndez_el_Ni?o,,0,0,1,1,0,0
Alfonso_IX_of_Le?n,,0,0,2,3,2,1
Alfonso_VII_of_Le?n_and_Castile,,0,0,2,2,1,1
Alfonso_de_Arag?n_y_Escobar,,0,0,1,1,0,0
Alonso_de_Arag?n,,0,0,1,1,0,0
Am?lie_of_Orl?ans,,0,0,1,1,0,0
Anna_Gr?fin_D?nhoff,,0,0,1,1,0,0
Anne_Marie_Th?r?se_de_Lorraine,,0,0,1,1,0,0
Anne_Marie_d'Orl?ans,,0,0,2,2,1,1
Anne_of_Bohemia_(1290?1313),,0,0,1,1,0,0
"Anne_of_Orl?ans,_Abbess_of_Fontevraud",,0,0,1,1,0,0
"Antoine,_Count_of_Vaud?mont",,0,0,2,2,1,1
Archduchess_Eleanor_of_Austria_(1582?1620),,0,0,1,1,0,0
Archduchess_Helena_of_Austria_(1543?1574),,0,0,1,1,0,0
Archduchess_Margaret_of_Austria_(1567?1633),,0,0,1,1,0,0
Archduchess_Maria_Amalia_of_Austria_(1780?1798),,0,0,1,1,0,0
Archduchess_Maria_Theresa_of_Austria-Este_(1817?1886),,0,0,2,2,1,1
August_of_Saxe-Weissenfels_(1650?1674),,0,0,1,1,0,0
"Augustus_the_Elder,_Duke_of_Brunswick-L?neburg",,0,0,1,1,0,0
Bathilde_d'Orl?ans,,0,0,1,1,0,0
Beatrice_of_Castile_(1242?1303),,0,0,2,2,1,1
Beatrice_of_Castile_(1293?1359),,0,0,2,2,1,1
Berengaria_of_Le?n,,0,0,1,1,0,0
Bernab?_Visconti,,0,0,2,2,1,1
"Bernard_I,_Duke_of_Brunswick-L?neburg",,0,0,1,1,0,0
"Blanche_of_France,_Duchess_of_Orl?ans",,0,0,1,1,0,0
Blanche_of_Portugal_(1259?1321),,0,0,1,1,0,0
"C?sar,_Duke_of_Vend?me",,0,0,1,1,0,0
Catherine_of_Cleves_(1417?1479),,0,0,1,1,0,0
Catherine_of_Lorraine_(1573?1648),,0,0,1,1,0,0
Catherine_of_Valois?Courtenay,,0,0,1,1,0,0
Catherine_of_Vend?me,,0,0,2,2,1,1
"Charles,_Count_of_Angoul?me",,0,0,2,2,1,1
"Charles,_Duke_of_Berry_(1686?1714)",,0,0,1,1,0,0
"Charles,_Duke_of_Orl?ans",,0,0,2,4,3,1
"Charles,_Duke_of_Vend?me",,0,0,2,2,1,1
Charles-Ren?_de_Bombelles,,0,0,2,2,1,1
"Charles_II,_Count_of_Alen?on",,0,0,1,1,0,0
"Charles_II_de_Valois,_Duke_of_Orl?ans",,0,0,1,1,0,0
"Charles_IV,_Duke_of_Alen?on",,0,0,2,2,1,1
Charles_d'?vreux,,0,0,1,1,0,0
"Charles_d'Orl?ans,_Duke_of_Penthi?vre",,0,0,1,1,0,0
Charles_de_Lorraine_de_Vaud?mont,,0,0,1,1,0,0
"Charles_de_Valois,_Duke_of_Angoul?me",,0,0,1,1,0,0
Charlotte_Agla?_d'Orl?ans,,0,0,2,2,1,1
Charlotte_Christine_of_Brunswick-Wolfenb?ttel,,0,0,1,1,0,0
Charlotte_de_Br?z?,,0,0,1,1,0,0
"Christian,_Duke_of_Brunswick-L?neburg",,0,0,1,1,0,0
"Christian_III,_Count_Palatine_of_Zweibr?cken",,0,0,2,2,1,1
Claude_Fran?oise_de_Lorraine,,0,0,2,2,1,1
Claude_of_France_(1547?1575),,0,0,2,2,1,1
Clementia_of_Z?hringen,,0,0,2,2,1,1
Constant_d'Aubign?,,0,0,1,1,0,0
Countess_Caroline_of_Nassau-Saarbr?cken,,0,0,2,2,1,1
Countess_Palatine_Caroline_of_Zweibr?cken,,0,0,2,2,1,1
County_of_Trast?mara,,0,0,1,1,0,0
Dorothea_of_Brunswick-L?neburg,,0,0,1,1,0,0
"Dorothea_of_Denmark,_Duchess_of_Brunswick-L?neburg",,0,0,2,2,1,1
"Duarte,_Duke_of_Guimar?es_(1515?1540)",,0,0,1,1,0,0
Duchess_Charlotte_Felicitas_of_Brunswick-L?neburg,,0,0,1,1,0,0
Dulce_of_Le?n,,0,0,1,1,0,0
"Eberhard_II,_Count_of_W?rttemberg",,0,0,2,2,1,1
Edgar_?theling,,0,0,1,1,0,0
Eleanor_de_Guzm?n,,0,0,2,2,1,1
Eleanor_of_Castile_(1307?1359),,0,0,1,1,0,0
Elisabeth_Christine_of_Brunswick-Wolfenb?ttel,,0,0,2,2,1,1
Elisabeth_of_France_(1602?1644),,0,0,2,2,1,1
Elizabeth_Tudor_(1492?1495),,0,0,1,1,0,0
Elizabeth_of_Austria_(1436?1505),,0,0,2,2,1,1
Elizabeth_of_Austria_(1526?1545),,0,0,1,1,0,0
Elizabeth_of_Bohemia_(1292?1330),,0,0,2,2,1,1
"Emanuele_Filiberto,_Duke_of_Aosta_(1731?1735)",,0,0,1,1,0,0
Empress_Jos?phine,,0,0,2,3,2,1
Engeltrude_de_F?zensac,,0,0,2,2,1,1
Ermentrude_of_Orl?ans,,0,0,2,2,1,1
"Ernest_I,_Duke_of_Brunswick-L?neburg",,0,0,1,1,0,0
"Ernest_II,_Duke_of_Brunswick-L?neburg",,0,0,1,1,0,0
Eug?ne_de_Beauharnais,,0,0,1,1,0,0
Ferdinand_II_of_Le?n,,0,0,2,4,3,1
"Ferdinand_Philippe,_Duke_of_Orl?ans",,0,0,2,2,1,1
Ferdinand_of_Le?n_(died_1214),,0,0,1,1,0,0
"Fernando_Mar?a_Mu?oz_y_Borb?n,_2nd_Duke_of_Taranc?n",,0,0,1,1,0,0
"Fernando_S?nchez,_2nd_Count_of_Alburquerque",,0,0,1,1,0,0
Fernando_de_la_Cerda_(1255?1275),,0,0,1,1,0,0
Fran?oise_Marie_de_Bourbon,,0,0,2,2,1,1
"Fran?ois_III_d'Orl?ans,_Duke_of_Longueville",,0,0,1,1,0,0
"Fran?ois_d'Orl?ans,_Prince_of_Joinville",,0,0,1,1,0,0
"Fran?oise-Ath?na?s_de_Rochechouart,_Marquise_de_Montespan",,0,0,2,3,2,1
Fran?oise_Madeleine_d'Orl?ans,,0,0,2,2,1,1
Fran?oise_d'Alen?on,,0,0,2,2,1,1
"Fran?oise_d'Aubign?,_Marquise_de_Maintenon",,0,0,2,3,2,1
"Francis,_Count_of_Vend?me",,0,0,2,2,1,1
"Frederick_I,_Count_of_Vaud?mont",,0,0,2,2,1,1
"Frederick_II,_Count_of_Vaud?mont",,0,0,2,2,1,1
"Frederick_II,_Duke_of_Brunswick-L?neburg",,0,0,2,2,1,1
"Frederick_IV,_Duke_of_Brunswick-L?neburg",,0,0,1,1,0,0
"Gaston,_Duke_of_Orl?ans",,0,0,1,1,0,0
"Geoffrey_II,_Count_of_G?tinais",,0,0,2,2,1,1
Gerberga_of_M?con,,0,0,1,1,0,0
Gertrude_of_S?pplingenburg,,0,0,2,2,1,1
Guisla_de_Llu??,,0,0,2,2,1,1
"Henri_Jules,_Prince_of_Cond?",,0,0,1,1,0,0
"Henri_d'Orl?ans,_Duke_of_Aumale",,0,0,1,1,0,0
Henriette_of_France_(1727?1752),,0,0,1,1,0,0
"Henry_the_Middle,_Duke_of_Brunswick-L?neburg",,0,0,2,3,2,1
In?s_de_Castro,,0,0,2,2,1,1
Infante_Carlos_of_Spain_(1607?1632),,0,0,1,1,0,0
Isabella_of_Angoul?me,,0,0,2,2,1,1
J?r?me_Bonaparte,,0,0,1,1,0,0
"Jean_Marie,_Duke_of_Ch?teauvillain",,0,0,1,1,0,0
"Jo?o,_Duke_of_Viseu",,0,0,1,1,0,0
Joan_of_?vreux,,0,0,2,2,1,1
Joan_of_France_(1351?1371),,0,0,1,1,0,0
"Joan_of_Valois,_Duchess_of_Alen?on",,0,0,1,1,0,0
"John,_Count_of_Angoul?me",,0,0,1,1,0,0
"John,_Duke_of_Brunswick-L?neburg",,0,0,1,1,0,0
"John_VIII,_Count_of_Vend?me",,0,0,2,2,1,1
John_VI_of_Vend?me,,0,0,2,2,1,1
John_of_Burgundy_(1231?68),,0,0,1,1,0,0
Juan_de_Arag?n,,0,0,1,1,0,0
Juana_Enr?quez,,0,0,2,2,1,1
K?ten,,0,0,1,1,0,0
"L?opold_Cl?ment,_Hereditary_Prince_of_Lorraine",,0,0,1,1,0,0
"Louis,_Count_of_?vreux",,0,0,2,2,1,1
"Louis,_Count_of_Vaud?mont",,0,0,1,1,0,0
"Louis,_Count_of_Vend?me",,0,0,1,1,0,0
"Louis,_Duke_of_Burgundy_(1751?1761)",,0,0,1,1,0,0
"Louis,_Duke_of_Orl?ans_(1703?1752)",,0,0,2,2,1,1
"Louis,_Prince_of_Cond?_(1530?1569)",,0,0,1,1,0,0
"Louis_Antoine,_Duke_of_Angoul?me",,0,0,2,2,1,1
"Louis_C?sar,_Count_of_Vexin",,0,0,1,1,0,0
"Louis_Crato,_Count_of_Nassau-Saarbr?cken",,0,0,1,1,0,0
"Louis_I,_Duke_of_Orl?ans",,0,0,2,2,1,1
"Louis_II_d'Orl?ans,_Duke_of_Longueville",,0,0,2,2,1,1
"Louis_Jean_Marie_de_Bourbon,_Duke_of_Penthi?vre",,0,0,2,2,1,1
"Louis_Philippe_I,_Duke_of_Orl?ans",,0,0,2,3,2,1
"Louis_Philippe_II,_Duke_of_Orl?ans",,0,0,2,2,1,1
"Louis_Rudolph,_Duke_of_Brunswick-L?neburg",,0,0,2,2,1,1
"Louis_de_Bourbon,_Bishop_of_Li?ge",,0,0,1,1,0,0
"Louis_of_Anjou,_Marquis_of_Pont-?-Mousson",,0,0,1,1,0,0
Louis_of_France_(1244?1260),,0,0,1,1,0,0
Louis_of_France_(1264?1276),,0,0,1,1,0,0
Louise_?lisabeth_of_France,,0,0,2,2,1,1
Louise_?lisabeth_d'Orl?ans,,0,0,1,1,0,0
Louise_Ad?la?de_d'Orl?ans,,0,0,1,1,0,0
"Louise_Fran?oise_de_Bourbon,_Duchess_of_Bourbon",,0,0,1,1,0,0
"Louise_Marie_Ad?la?de_de_Bourbon,_Duchess_of_Orl?ans",,0,0,2,2,1,1
Louise_Marie_d'Orl?ans,,0,0,1,1,0,0
Louise_of_France_(1737?1787),,0,0,1,1,0,0
Louise_of_Orl?ans,,0,0,1,1,0,0
"Lu?s_of_Portugal,_Duke_of_Beja",,0,0,1,1,0,0
Madame_Ad?la?de,,0,0,1,1,0,0
Magdalene_of_Brandenburg_(1412?1454),,0,0,2,2,1,1
"Magnus_I,_Duke_of_Brunswick-L?neburg",,0,0,2,2,1,1
"Magnus_II,_Duke_of_Brunswick-L?neburg",,0,0,2,2,1,1
Mahaut_of_Ch?tillon,,0,0,2,2,1,1
Mar?a_de_Molina,,0,0,2,2,1,1
"Mar?a_Amparo_Mu?oz_y_Borb?n,_1st_Countess_of_Vista_Alegre",,0,0,1,1,0,0
"Mar?a_Cristina_Mu?oz_y_Borb?n,_Marquise_of_la_Isabela",,0,0,1,1,0,0
Mar?a_Manuela_Kirkpatrick_de_Grevign?e,,0,0,1,1,0,0
Margaret_of_Bourbon_(1438?1483),,0,0,2,2,1,1
Margaret_of_Brunswick-L?neburg,,0,0,1,1,0,0
"Margaret_of_Saxony,_Duchess_of_Brunswick-L?neburg",,0,0,2,2,1,1
Margaret_of_Valois-Angoul?me,,0,0,2,3,2,1
Maria_Elisabeth_of_Saxony_(1736?1818),,0,0,1,1,0,0
Maria_Teresa_of_Savoy_(1803?1879),,0,0,1,1,0,0
Maria_Theresa_of_Austria_(1767?1827),,0,0,1,1,0,0
Maria_de'_Medici_(1540?1557),,0,0,1,1,0,0
"Maria_of_Austria,_Duchess_of_J?lich-Cleves-Berg",,0,0,2,2,1,1
Marie_?milie_de_Joly_de_Choin,,0,0,2,2,1,1
Marie_Ad?la?de_of_Savoy,,0,0,2,2,1,1
Marie_Jos?phine_of_Savoy,,0,0,2,2,1,1
Marie_Louise_d'Orl?ans,,0,0,1,1,0,0
Marie_Louise_of_France_(1728?1733),,0,0,1,1,0,0
Marie_Th?r?se_of_France,,0,0,2,2,1,1
Marie_Th?r?se_of_France_(1667?1672),,0,0,1,1,0,0
Marie_Z?phyrine_of_France,,0,0,1,1,0,0
Marie_de_Ch?tillon_(1323-1363),,0,0,2,2,1,1
Marie_of_?vreux,,0,0,1,1,0,0
"Marie_of_Cleves,_Duchess_of_Orl?ans",,0,0,2,2,1,1
"Marie_of_Luxembourg,_Countess_of_Vend?me",,0,0,2,3,2,1
"Marie_of_Orl?ans,_Viscountess_of_Narbonne",,0,0,1,1,0,0
Matilda_of_B?thune,,0,0,2,2,1,1
"Matilda_of_Brandenburg,_Duchess_of_Brunswick-L?neburg",,0,0,2,2,1,1
Matilda_of_T?bingen,,0,0,1,1,0,0
Maximilian_William_of_Brunswick-L?neburg,,0,0,1,1,0,0
Mercedes_of_Orl?ans,,0,0,1,1,0,0
Napol?on_Charles_Bonaparte,,0,0,1,1,0,0
"Nicolas,_Duke_of_Merc?ur",,0,0,1,1,0,0
"Nicolas_Henri,_Duke_of_Orl?ans",,0,0,1,1,0,0
Nuno_?lvares_Pereira,,0,0,1,1,0,0
"Odo_I,_Count_of_Orl?ans",,0,0,2,2,1,1
Olof_Sk?tkonung,,0,0,2,2,1,1
"Otto_I,_Duke_of_Brunswick-L?neburg",,0,0,2,2,1,1
"Otto_V,_Duke_of_Brunswick-L?neburg",,0,0,2,2,1,1
Pedro_Fern?ndez_de_Castro,,0,0,1,1,0,0
"Peter_I,_Count_of_Alen?on",,0,0,1,1,0,0
"Philip,_Duke_of_Orl?ans",,0,0,1,1,0,0
Philip_of_France_(1116?1131),,0,0,1,1,0,0
"Philippe_Emmanuel,_Duke_of_Merc?ur",,0,0,1,1,0,0
"Philippe_I,_Duke_of_Orl?ans",,0,0,2,3,2,1
"Philippe_II,_Duke_of_Orl?ans",,0,0,2,2,1,1
Philippine_?lisabeth_d'Orl?ans,,0,0,1,1,0,0
Prince_Bernhard_of_Saxe-Weimar-Eisenach_(1792?1862),,0,0,1,1,0,0
"Prince_Philippe,_Duke_of_Orl?ans_(1869?1926)",,0,0,1,1,0,0
Princess_Antoinette_of_Brunswick-Wolfenb?ttel,,0,0,1,1,0,0
Princess_Cl?mentine_of_Orl?ans,,0,0,1,1,0,0
Princess_H?l?ne_of_Orl?ans,,0,0,1,1,0,0
Princess_Isabelle_of_Orl?ans_(1878?1961),,0,0,1,1,0,0
Princess_Louise_of_Hesse-Darmstadt_(1757?1830),,0,0,2,2,1,1
Princess_Louise_of_Orl?ans,,0,0,1,1,0,0
Princess_Mar?a_Cristina_of_Orl?ans,,0,0,1,1,0,0
Princess_Maria_Amalia_of_the_Two_Sicilies_(1818?1857),,0,0,1,1,0,0
Princess_Maria_Carolina_of_Bourbon-Two_Sicilies_(1820?1861),,0,0,1,1,0,0
Princess_Maria_Christina_of_Saxony_(1735?1782),,0,0,1,1,0,0
Princess_Maria_Luisa_of_Savoy_(1729?1767),,0,0,1,1,0,0
Princess_Marie_Isabelle_of_Orl?ans,,0,0,2,2,1,1
Princess_Marie_of_Orl?ans_(1813?1839),,0,0,1,1,0,0
Ren?_of_Anjou,,0,0,2,3,2,1
"Richard,_Count_of_?tampes",,0,0,2,3,2,1
"Robert_VII,_Lord_of_B?thune",,0,0,1,1,0,0
"Sancha,_heiress_of_Le?n",,0,0,1,1,0,0
Sancha_Raim?ndez,,0,0,1,1,0,0
Sophie_of_Brunswick-L?neburg,,0,0,1,1,0,0
Sophie_of_France_(1734?1782),,0,0,1,1,0,0
Teresa_Fern?ndez_de_Traba,,0,0,2,2,1,1
Teresa_Louren?o,,0,0,2,2,1,1
Th?odrate_of_Troyes,,0,0,2,2,1,1
Th?r?se_of_France_(1736?1744),,0,0,1,1,0,0
"Theresa_of_Portugal,_Queen_of_Le?n",,0,0,2,2,1,1
Urraca_L?pez_de_Haro,,0,0,2,2,1,1
Urraca_of_Le?n,,0,0,2,2,1,1
"Valentina_Visconti,_Duchess_of_Orl?ans",,0,0,2,2,1,1
Victoire_of_France_(1733?1799),,0,0,1,1,0,0
"William,_Duke_of_J?lich-Cleves-Berg",,0,0,2,3,2,1
William_III_of_M?con,,0,0,1,1,0,0
"William_Longesp?e,_3rd_Earl_of_Salisbury",,0,0,1,1,0,0
"William_the_Younger,_Duke_of_Brunswick-L?neburg",,0,0,2,2,1,1
"?lfthryth,_Countess_of_Flanders",,0,0,2,2,1,1
?lfweard_of_Wessex,,0,0,1,1,0,0
?lisabeth_of_France,,0,0,1,1,0,0
"?thelbald,_King_of_Wessex",,0,0,1,1,0,0
"?thelberht,_King_of_Wessex",,0,0,1,1,0,0
?thelhelm,,0,0,1,1,0,0
"?thelred_I,_King_of_Wessex",,0,0,1,1,0,0
?thelstan,,0,0,1,1,0,0
?thelstan_of_Kent,,0,0,1,1,0,0
?thelswith,,0,0,1,1,0,0
?thelweard_(son_of_Alfred),,0,0,1,1,0,0
"?thelwulf,_King_of_Wessex",,0,0,2,3,2,1
Eug?nie_de_Montijo,,0,0,2,2,1,1
Fran?ois_de_Lorraine,,0,0,1,1,0,0
"Louise_?lisabeth,_Duchess_of_Berry",,0,0,1,1,0,0
Mar?a_Isabella_of_Spain,,0,0,2,2,1,1
Mar?a_de_Salinas,,0,0,1,1,0,0
"Napol?on,_Prince_Imperial",,0,0,1,1,0,0
Napol?on_Louis_Bonaparte,,0,0,1,1,0,0
"Ren?,_Marquis_of_Elbeuf",,0,0,1,1,0,0
"Ren?_II,_Duke_of_Lorraine",,0,0,2,2,1,1
Ren?_of_Savoy,,0,0,1,1,0,0
Ren?e_of_Bourbon,,0,0,2,2,1,1
Ren?e_of_France,,0,0,1,1,0,0
